clip,frame_idx,ts_sec,formation_class,label_quality
madden26_bal_vs_cin_q1.mp4,1875,62.5,singleback_wing,high
madden26_bal_vs_cin_q1.mp4,2475,82.5,singleback_ace,high
madden26_bal_vs_cin_q1.mp4,2520,84.0,shotgun_trips,high
madden26_bal_vs_cin_q1.mp4,2580,86.0,shotgun_trips,high
madden26_bal_vs_cin_q1.mp4,3345,111.5,skip,skip
madden26_bal_vs_cin_q1.mp4,3390,113.0,i_form_pro,high
madden26_bal_vs_cin_q1.mp4,3435,114.5,i_form_pro,high
madden26_bal_vs_cin_q1.mp4,4125,137.5,skip,skip
madden26_bal_vs_cin_q1.mp4,4155,138.5,skip,skip
madden26_bal_vs_cin_q1.mp4,4200,140.0,skip,skip
madden26_bal_vs_cin_q1.mp4,5160,172.0,skip,skip
madden26_bal_vs_cin_q1.mp4,5505,183.5,shotgun_trips,high
madden26_bal_vs_cin_q1.mp4,5565,185.5,skip,skip
madden26_bal_vs_cin_q1.mp4,5625,187.5,shotgun_empty,high
madden26_bal_vs_cin_q1.mp4,6360,212.0,skip,skip
madden26_bal_vs_cin_q1.mp4,6405,213.5,skip,skip
madden26_bal_vs_cin_q1.mp4,6450,215.0,skip,skip
madden26_bal_vs_cin_q1.mp4,7110,237.0,skip,skip
madden26_bal_vs_cin_q1.mp4,7155,238.5,shotgun_trips,high
madden26_bal_vs_cin_q1.mp4,7200,240.0,shotgun_trips,high
madden26_bal_vs_cin_q1.mp4,7905,263.5,skip,skip
madden26_bal_vs_cin_q1.mp4,7965,265.5,shotgun_bunch,high
madden26_bal_vs_cin_q1.mp4,8025,267.5,shotgun_bunch,high
madden26_bal_vs_cin_q1.mp4,8700,290.0,skip,skip
madden26_bal_vs_cin_q1.mp4,8745,291.5,shotgun_doubles,high
madden26_bal_vs_cin_q1.mp4,8805,293.5,shotgun_trips,high
madden26_bal_vs_cin_q1.mp4,9780,326.0,shotgun_doubles,high
madden26_bal_vs_cin_q1.mp4,9840,328.0,skip,skip
madden26_bal_vs_cin_q1.mp4,9900,330.0,shotgun_trips,high
madden26_bal_vs_cin_q1.mp4,10605,353.5,shotgun_empty,high
madden26_bal_vs_cin_q1.mp4,10665,355.5,shotgun_empty,high
madden26_bal_vs_cin_q1.mp4,10725,357.5,shotgun_empty,high
madden26_bal_vs_cin_q1.mp4,11175,372.5,shotgun_trips,high
madden26_bal_vs_cin_q1.mp4,11220,374.0,shotgun_trips,high
madden26_bal_vs_cin_q1.mp4,11265,375.5,shotgun_trips,high
madden26_bal_vs_cin_q1.mp4,12480,416.0,skip,skip
madden26_bal_vs_cin_q1.mp4,12525,417.5,skip,skip
madden26_bal_vs_cin_q1.mp4,12570,419.0,skip,skip
madden26_bal_vs_cin_q1.mp4,13755,458.5,skip,skip
madden26_bal_vs_cin_q1.mp4,14130,471.0,shotgun_trips,high
madden26_bal_vs_cin_q1.mp4,14175,472.5,shotgun_trips,high
madden26_bal_vs_cin_q1.mp4,14220,474.0,shotgun_trips,high
madden26_bal_vs_cin_q1.mp4,14355,478.5,skip,skip
madden26_bal_vs_cin_q1.mp4,14850,495.0,shotgun_trips,high
madden26_bal_vs_cin_q1.mp4,14910,497.0,skip,skip
madden26_bal_vs_cin_q1.mp4,14970,499.0,shotgun_doubles,high
madden26_bal_vs_cin_q1.mp4,15660,522.0,shotgun_trips,high
madden26_bal_vs_cin_q1.mp4,15735,524.5,shotgun_trips,high
madden26_bal_vs_cin_q1.mp4,15825,527.5,shotgun_trips,high
madden26_bal_vs_cin_q1.mp4,16560,552.0,skip,skip
madden26_bal_vs_cin_q1.mp4,16590,553.0,skip,skip
madden26_bal_vs_cin_q1.mp4,16620,554.0,skip,skip
madden26_bal_vs_cin_q1.mp4,16710,557.0,skip,skip
madden26_bal_vs_cin_q1.mp4,16725,557.5,skip,skip
madden26_bal_vs_cin_q1.mp4,17220,574.0,skip,skip
madden26_bal_vs_cin_q1.mp4,17280,576.0,singleback_ace,high
madden26_bal_vs_cin_q1.mp4,17340,578.0,shotgun_trips,high
madden26_bal_vs_cin_q1.mp4,18030,601.0,skip,skip
madden26_bal_vs_cin_q1.mp4,18045,601.5,skip,skip
madden26_bal_vs_cin_q1.mp4,18060,602.0,shotgun_bunch,high
madden26_bal_vs_cin_q1.mp4,18090,603.0,shotgun_bunch,high
madden26_bal_vs_cin_q1.mp4,18105,603.5,shotgun_bunch,high
madden26_bal_vs_cin_q1.mp4,18120,604.0,shotgun_bunch,high
madden26_bal_vs_cin_q1.mp4,18150,605.0,shotgun_bunch,high
madden26_bal_vs_cin_q1.mp4,18165,605.5,shotgun_bunch,high
madden26_bal_vs_cin_q1.mp4,18180,606.0,shotgun_bunch,high
madden26_bal_vs_cin_q1.mp4,18210,607.0,shotgun_bunch,high
madden26_bal_vs_cin_q1.mp4,18225,607.5,shotgun_bunch,high
madden26_bal_vs_cin_q1.mp4,18855,628.5,skip,skip
madden26_bal_vs_cin_q1.mp4,18930,631.0,singleback_wing,high
madden26_bal_vs_cin_q1.mp4,19005,633.5,singleback_wing,high
madden26_bal_vs_cin_q1.mp4,20040,668.0,skip,skip
madden26_bal_vs_cin_q1.mp4,20100,670.0,shotgun_empty,high
madden26_bal_vs_cin_q1.mp4,20160,672.0,shotgun_empty,high
madden26_bal_vs_cin_q1.mp4,20475,682.5,skip,skip
madden26_bal_vs_cin_q1.mp4,20490,683.0,skip,skip
madden26_bal_vs_cin_q1.mp4,20505,683.5,skip,skip
madden26_bal_vs_cin_q1.mp4,20805,693.5,skip,skip
madden26_bal_vs_cin_q1.mp4,20820,694.0,skip,skip
madden26_bal_vs_cin_q1.mp4,20835,694.5,skip,skip
madden26_bal_vs_cin_q1.mp4,21525,717.5,skip,skip
madden26_bal_vs_cin_q1.mp4,21570,719.0,singleback_wing,high
madden26_bal_vs_cin_q1.mp4,21615,720.5,singleback_wing,high
madden26_bal_vs_cin_q1.mp4,22500,750.0,skip,skip
madden26_bal_vs_cin_q1.mp4,22530,751.0,shotgun_empty,high
madden26_bal_vs_cin_q1.mp4,22575,752.5,shotgun_empty,high
madden26_bal_vs_cin_q1.mp4,23955,798.5,skip,skip
madden26_bal_vs_cin_q1.mp4,24000,800.0,skip,skip
madden26_bal_vs_cin_q1.mp4,24045,801.5,skip,skip
madden26_bal_vs_cin_q1.mp4,25365,845.5,shotgun_doubles,high
madden26_bal_vs_cin_q1.mp4,25410,847.0,shotgun_doubles,high
madden26_bal_vs_cin_q1.mp4,25470,849.0,shotgun_doubles,high
madden26_bal_vs_cin_q1.mp4,27765,925.5,skip,skip
madden26_bal_vs_cin_q1.mp4,27825,927.5,skip,skip
madden26_bal_vs_cin_q1.mp4,27885,929.5,shotgun_trips,high
madden26_bal_vs_cin_q1.mp4,28590,953.0,skip,skip
madden26_bal_vs_cin_q1.mp4,28620,954.0,skip,skip
madden26_bal_vs_cin_q1.mp4,28650,955.0,skip,skip
madden26_bal_vs_cin_q1.mp4,29400,980.0,skip,skip
madden26_bal_vs_cin_q1.mp4,29445,981.5,shotgun_trips,high
madden26_bal_vs_cin_q1.mp4,29490,983.0,shotgun_trips,high
madden26_bal_vs_cin_q1.mp4,29625,987.5,skip,skip
madden26_bal_vs_cin_q1.mp4,30255,1008.5,shotgun_trips,high
madden26_bal_vs_cin_q1.mp4,30270,1009.0,shotgun_trips,high
madden26_bal_vs_cin_q1.mp4,31020,1034.0,skip,skip
madden26_bal_vs_cin_q1.mp4,31080,1036.0,skip,skip
madden26_bal_vs_cin_q1.mp4,31140,1038.0,skip,skip
madden26_bal_vs_cin_q1.mp4,32100,1070.0,skip,skip
madden26_bal_vs_cin_q1.mp4,32145,1071.5,singleback_wing,high
madden26_bal_vs_cin_q1.mp4,32190,1073.0,singleback_wing,high
madden26_bal_vs_cin_q1.mp4,34650,1155.0,skip,skip
madden26_bal_vs_cin_q1.mp4,34755,1158.5,shotgun_bunch,high
madden26_bal_vs_cin_q1.mp4,34860,1162.0,shotgun_bunch,high
madden26_bal_vs_cin_q1.mp4,35610,1187.0,skip,skip
madden26_bal_vs_cin_q1.mp4,35640,1188.0,skip,skip
madden26_bal_vs_cin_q1.mp4,35685,1189.5,skip,skip
madden26_buf_vs_mia_q1.mp4,2250,75.0,shotgun_trips,high
madden26_buf_vs_mia_q1.mp4,2295,76.5,shotgun_trips,high
madden26_buf_vs_mia_q1.mp4,2340,78.0,shotgun_trips,high
madden26_buf_vs_mia_q1.mp4,3030,101.0,skip,skip
madden26_buf_vs_mia_q1.mp4,3075,102.5,skip,skip
madden26_buf_vs_mia_q1.mp4,3135,104.5,skip,skip
madden26_buf_vs_mia_q1.mp4,3870,129.0,skip,skip
madden26_buf_vs_mia_q1.mp4,3930,131.0,skip,skip
madden26_buf_vs_mia_q1.mp4,3990,133.0,skip,skip
madden26_buf_vs_mia_q1.mp4,4170,139.0,skip,skip
madden26_buf_vs_mia_q1.mp4,4185,139.5,skip,skip
madden26_buf_vs_mia_q1.mp4,4215,140.5,skip,skip
madden26_buf_vs_mia_q1.mp4,4965,165.5,skip,skip
madden26_buf_vs_mia_q1.mp4,4995,166.5,skip,skip
madden26_buf_vs_mia_q1.mp4,5040,168.0,skip,skip
madden26_buf_vs_mia_q1.mp4,5460,182.0,skip,skip
madden26_buf_vs_mia_q1.mp4,5475,182.5,skip,skip
madden26_buf_vs_mia_q1.mp4,5490,183.0,skip,skip
madden26_buf_vs_mia_q1.mp4,5745,191.5,skip,skip
madden26_buf_vs_mia_q1.mp4,5775,192.5,shotgun_trips,high
madden26_buf_vs_mia_q1.mp4,5820,194.0,shotgun_trips,high
madden26_buf_vs_mia_q1.mp4,6015,200.5,skip,skip
madden26_buf_vs_mia_q1.mp4,6450,215.0,skip,skip
madden26_buf_vs_mia_q1.mp4,6480,216.0,skip,skip
madden26_buf_vs_mia_q1.mp4,6525,217.5,skip,skip
madden26_buf_vs_mia_q1.mp4,7080,236.0,skip,skip
madden26_buf_vs_mia_q1.mp4,7110,237.0,skip,skip
madden26_buf_vs_mia_q1.mp4,7140,238.0,skip,skip
madden26_buf_vs_mia_q1.mp4,7200,240.0,skip,skip
madden26_buf_vs_mia_q1.mp4,7245,241.5,skip,skip
madden26_buf_vs_mia_q1.mp4,7290,243.0,skip,skip
madden26_buf_vs_mia_q1.mp4,8595,286.5,skip,skip
madden26_buf_vs_mia_q1.mp4,8655,288.5,singleback_ace,high
madden26_buf_vs_mia_q1.mp4,8730,291.0,singleback_ace,high
madden26_buf_vs_mia_q1.mp4,9465,315.5,pistol_strong,high
madden26_buf_vs_mia_q1.mp4,9540,318.0,pistol_strong,high
madden26_buf_vs_mia_q1.mp4,9630,321.0,pistol_strong,high
madden26_buf_vs_mia_q1.mp4,10380,346.0,shotgun_bunch,high
madden26_buf_vs_mia_q1.mp4,10425,347.5,shotgun_bunch,high
madden26_buf_vs_mia_q1.mp4,10485,349.5,shotgun_bunch,high
madden26_buf_vs_mia_q1.mp4,11235,374.5,i_form_pro,high
madden26_buf_vs_mia_q1.mp4,11280,376.0,i_form_pro,high
madden26_buf_vs_mia_q1.mp4,11325,377.5,i_form_pro,high
madden26_buf_vs_mia_q1.mp4,12075,402.5,singleback_wing,high
madden26_buf_vs_mia_q1.mp4,12165,405.5,singleback_wing,high
madden26_buf_vs_mia_q1.mp4,12255,408.5,singleback_wing,high
madden26_buf_vs_mia_q1.mp4,13560,452.0,skip,skip
madden26_buf_vs_mia_q1.mp4,13590,453.0,skip,skip
madden26_buf_vs_mia_q1.mp4,13635,454.5,skip,skip
madden26_buf_vs_mia_q1.mp4,15090,503.0,singleback_ace,high
madden26_buf_vs_mia_q1.mp4,15135,504.5,singleback_ace,high
madden26_buf_vs_mia_q1.mp4,15180,506.0,singleback_ace,high
madden26_buf_vs_mia_q1.mp4,15855,528.5,shotgun_empty,high
madden26_buf_vs_mia_q1.mp4,15900,530.0,shotgun_empty,high
madden26_buf_vs_mia_q1.mp4,15960,532.0,shotgun_empty,high
madden26_buf_vs_mia_q1.mp4,16635,554.5,shotgun_trips,high
madden26_buf_vs_mia_q1.mp4,16665,555.5,shotgun_trips,high
madden26_buf_vs_mia_q1.mp4,16710,557.0,shotgun_trips,high
madden26_buf_vs_mia_q1.mp4,17070,569.0,skip,skip
madden26_buf_vs_mia_q1.mp4,17445,581.5,skip,skip
madden26_buf_vs_mia_q1.mp4,17475,582.5,skip,skip
madden26_buf_vs_mia_q1.mp4,17520,584.0,skip,skip
madden26_buf_vs_mia_q1.mp4,17610,587.0,skip,skip
madden26_buf_vs_mia_q1.mp4,18165,605.5,shotgun_empty,high
madden26_buf_vs_mia_q1.mp4,18210,607.0,shotgun_empty,high
madden26_buf_vs_mia_q1.mp4,18255,608.5,shotgun_empty,high
madden26_buf_vs_mia_q1.mp4,18945,631.5,shotgun_trips,high
madden26_buf_vs_mia_q1.mp4,18990,633.0,shotgun_trips,high
madden26_buf_vs_mia_q1.mp4,19035,634.5,shotgun_trips,high
madden26_buf_vs_mia_q1.mp4,19695,656.5,shotgun_trips,high
madden26_buf_vs_mia_q1.mp4,19740,658.0,shotgun_trips,high
madden26_buf_vs_mia_q1.mp4,19785,659.5,shotgun_trips,high
madden26_buf_vs_mia_q1.mp4,19950,665.0,skip,skip
madden26_buf_vs_mia_q1.mp4,19965,665.5,skip,skip
madden26_buf_vs_mia_q1.mp4,20535,684.5,skip,skip
madden26_buf_vs_mia_q1.mp4,20565,685.5,skip,skip
madden26_buf_vs_mia_q1.mp4,20595,686.5,skip,skip
madden26_buf_vs_mia_q1.mp4,21105,703.5,singleback_ace,high
madden26_buf_vs_mia_q1.mp4,21150,705.0,singleback_ace,high
madden26_buf_vs_mia_q1.mp4,21195,706.5,singleback_ace,high
madden26_buf_vs_mia_q1.mp4,21870,729.0,shotgun_trips,high
madden26_buf_vs_mia_q1.mp4,21960,732.0,shotgun_trips,high
madden26_buf_vs_mia_q1.mp4,22050,735.0,shotgun_trips,high
madden26_buf_vs_mia_q1.mp4,22590,753.0,skip,skip
madden26_buf_vs_mia_q1.mp4,22605,753.5,skip,skip
madden26_buf_vs_mia_q1.mp4,22815,760.5,skip,skip
madden26_buf_vs_mia_q1.mp4,22860,762.0,skip,skip
madden26_buf_vs_mia_q1.mp4,22920,764.0,skip,skip
madden26_buf_vs_mia_q1.mp4,24195,806.5,shotgun_bunch,high
madden26_buf_vs_mia_q1.mp4,24285,809.5,shotgun_bunch,high
madden26_buf_vs_mia_q1.mp4,24375,812.5,shotgun_bunch,high
madden26_buf_vs_mia_q1.mp4,26055,868.5,shotgun_bunch,high
madden26_buf_vs_mia_q1.mp4,26085,869.5,shotgun_bunch,high
madden26_buf_vs_mia_q1.mp4,26130,871.0,shotgun_bunch,high
madden26_buf_vs_mia_q1.mp4,26895,896.5,pistol_strong,high
madden26_buf_vs_mia_q1.mp4,26910,897.0,pistol_strong,high
madden26_buf_vs_mia_q1.mp4,26940,898.0,pistol_strong,high
madden26_buf_vs_mia_q1.mp4,27570,919.0,shotgun_empty,high
madden26_buf_vs_mia_q1.mp4,27600,920.0,shotgun_empty,high
madden26_buf_vs_mia_q1.mp4,27630,921.0,shotgun_empty,high
madden26_buf_vs_mia_q1.mp4,27840,928.0,skip,skip
madden26_buf_vs_mia_q1.mp4,27855,928.5,skip,skip
madden26_buf_vs_mia_q1.mp4,28425,947.5,skip,skip
madden26_buf_vs_mia_q1.mp4,29145,971.5,singleback_wing,high
madden26_buf_vs_mia_q1.mp4,29205,973.5,singleback_wing,high
madden26_buf_vs_mia_q1.mp4,29265,975.5,singleback_wing,high
madden26_buf_vs_mia_q1.mp4,30345,1011.5,shotgun_trips,high
madden26_buf_vs_mia_q1.mp4,30390,1013.0,shotgun_trips,high
madden26_buf_vs_mia_q1.mp4,30450,1015.0,shotgun_trips,high
madden26_buf_vs_mia_q1.mp4,31125,1037.5,shotgun_bunch,high
madden26_buf_vs_mia_q1.mp4,31170,1039.0,shotgun_bunch,high
madden26_buf_vs_mia_q1.mp4,31215,1040.5,shotgun_bunch,high
madden26_buf_vs_mia_q1.mp4,31575,1052.5,skip,skip
madden26_buf_vs_mia_q1.mp4,31605,1053.5,skip,skip
madden26_buf_vs_mia_q1.mp4,31635,1054.5,skip,skip
madden26_buf_vs_mia_q1.mp4,33885,1129.5,i_form_pro,high
madden26_buf_vs_mia_q1.mp4,33945,1131.5,i_form_pro,high
madden26_buf_vs_mia_q1.mp4,34005,1133.5,i_form_pro,high
madden26_buf_vs_mia_q1.mp4,34710,1157.0,singleback_ace,high
madden26_buf_vs_mia_q1.mp4,34785,1159.5,singleback_ace,high
madden26_buf_vs_mia_q1.mp4,34875,1162.5,singleback_ace,high
madden26_buf_vs_mia_q1.mp4,35550,1185.0,singleback_ace,high
madden26_buf_vs_mia_q1.mp4,35595,1186.5,singleback_ace,high
madden26_buf_vs_mia_q1.mp4,35640,1188.0,singleback_ace,high
madden26_buf_vs_mia_q1.mp4,35775,1192.5,skip,skip
madden26_chi_vs_hou_q4.mp4,2295,76.5,shotgun_trips,high
madden26_chi_vs_hou_q4.mp4,2355,78.5,shotgun_trips,high
madden26_chi_vs_hou_q4.mp4,2415,80.5,shotgun_trips,high
madden26_chi_vs_hou_q4.mp4,3075,102.5,shotgun_trips,high
madden26_chi_vs_hou_q4.mp4,3135,104.5,shotgun_trips,high
madden26_chi_vs_hou_q4.mp4,3195,106.5,shotgun_trips,high
madden26_chi_vs_hou_q4.mp4,3870,129.0,shotgun_trips,high
madden26_chi_vs_hou_q4.mp4,4005,133.5,shotgun_trips,high
madden26_chi_vs_hou_q4.mp4,4155,138.5,shotgun_trips,high
madden26_chi_vs_hou_q4.mp4,5145,171.5,skip,skip
madden26_chi_vs_hou_q4.mp4,5175,172.5,skip,skip
madden26_chi_vs_hou_q4.mp4,5220,174.0,skip,skip
madden26_chi_vs_hou_q4.mp4,5715,190.5,skip,skip
madden26_chi_vs_hou_q4.mp4,5760,192.0,skip,skip
madden26_chi_vs_hou_q4.mp4,5805,193.5,skip,skip
madden26_chi_vs_hou_q4.mp4,6465,215.5,singleback_wing,high
madden26_chi_vs_hou_q4.mp4,6510,217.0,singleback_wing,high
madden26_chi_vs_hou_q4.mp4,6555,218.5,singleback_wing,high
madden26_chi_vs_hou_q4.mp4,7035,234.5,skip,skip
madden26_chi_vs_hou_q4.mp4,7095,236.5,skip,skip
madden26_chi_vs_hou_q4.mp4,7155,238.5,skip,skip
madden26_chi_vs_hou_q4.mp4,8580,286.0,shotgun_doubles,high
madden26_chi_vs_hou_q4.mp4,8610,287.0,shotgun_doubles,high
madden26_chi_vs_hou_q4.mp4,8655,288.5,shotgun_doubles,high
madden26_chi_vs_hou_q4.mp4,9345,311.5,shotgun_doubles,high
madden26_chi_vs_hou_q4.mp4,9375,312.5,shotgun_doubles,high
madden26_chi_vs_hou_q4.mp4,9405,313.5,shotgun_doubles,high
madden26_chi_vs_hou_q4.mp4,9645,321.5,skip,skip
madden26_chi_vs_hou_q4.mp4,9720,324.0,skip,skip
madden26_chi_vs_hou_q4.mp4,9735,324.5,skip,skip
madden26_chi_vs_hou_q4.mp4,9750,325.0,skip,skip
madden26_chi_vs_hou_q4.mp4,9795,326.5,skip,skip
madden26_chi_vs_hou_q4.mp4,10095,336.5,skip,skip
madden26_chi_vs_hou_q4.mp4,10140,338.0,skip,skip
madden26_chi_vs_hou_q4.mp4,10185,339.5,skip,skip
madden26_chi_vs_hou_q4.mp4,10350,345.0,skip,skip
madden26_chi_vs_hou_q4.mp4,10500,350.0,skip,skip
madden26_chi_vs_hou_q4.mp4,10545,351.5,skip,skip
madden26_chi_vs_hou_q4.mp4,10590,353.0,skip,skip
madden26_chi_vs_hou_q4.mp4,11070,369.0,shotgun_bunch,high
madden26_chi_vs_hou_q4.mp4,11100,370.0,shotgun_bunch,high
madden26_chi_vs_hou_q4.mp4,11145,371.5,shotgun_bunch,high
madden26_chi_vs_hou_q4.mp4,11820,394.0,shotgun_doubles,high
madden26_chi_vs_hou_q4.mp4,11850,395.0,shotgun_doubles,high
madden26_chi_vs_hou_q4.mp4,11880,396.0,shotgun_doubles,high
madden26_chi_vs_hou_q4.mp4,12360,412.0,skip,skip
madden26_chi_vs_hou_q4.mp4,12390,413.0,skip,skip
madden26_chi_vs_hou_q4.mp4,12420,414.0,skip,skip
madden26_chi_vs_hou_q4.mp4,12690,423.0,skip,skip
madden26_chi_vs_hou_q4.mp4,12735,424.5,shotgun_empty,high
madden26_chi_vs_hou_q4.mp4,12780,426.0,shotgun_empty,high
madden26_chi_vs_hou_q4.mp4,12825,427.5,shotgun_empty,high
madden26_chi_vs_hou_q4.mp4,14055,468.5,shotgun_trips,high
madden26_chi_vs_hou_q4.mp4,14145,471.5,shotgun_trips,high
madden26_chi_vs_hou_q4.mp4,14235,474.5,shotgun_trips,high
madden26_chi_vs_hou_q4.mp4,16035,534.5,skip,skip
madden26_chi_vs_hou_q4.mp4,16095,536.5,skip,skip
madden26_chi_vs_hou_q4.mp4,16155,538.5,skip,skip
madden26_chi_vs_hou_q4.mp4,17010,567.0,skip,skip
madden26_chi_vs_hou_q4.mp4,17055,568.5,skip,skip
madden26_chi_vs_hou_q4.mp4,17100,570.0,skip,skip
madden26_chi_vs_hou_q4.mp4,17805,593.5,skip,skip
madden26_chi_vs_hou_q4.mp4,17850,595.0,skip,skip
madden26_chi_vs_hou_q4.mp4,17910,597.0,skip,skip
madden26_chi_vs_hou_q4.mp4,18570,619.0,skip,skip
madden26_chi_vs_hou_q4.mp4,18615,620.5,shotgun_trips,high
madden26_chi_vs_hou_q4.mp4,18660,622.0,shotgun_trips,high
madden26_chi_vs_hou_q4.mp4,19365,645.5,shotgun_trips,high
madden26_chi_vs_hou_q4.mp4,19425,647.5,shotgun_trips,high
madden26_chi_vs_hou_q4.mp4,19485,649.5,shotgun_trips,high
madden26_chi_vs_hou_q4.mp4,20445,681.5,skip,skip
madden26_chi_vs_hou_q4.mp4,20490,683.0,skip,skip
madden26_chi_vs_hou_q4.mp4,20550,685.0,skip,skip
madden26_chi_vs_hou_q4.mp4,21555,718.5,shotgun_doubles,high
madden26_chi_vs_hou_q4.mp4,21600,720.0,shotgun_doubles,high
madden26_chi_vs_hou_q4.mp4,21660,722.0,shotgun_doubles,high
madden26_chi_vs_hou_q4.mp4,21810,727.0,skip,skip
madden26_chi_vs_hou_q4.mp4,21825,727.5,skip,skip
madden26_chi_vs_hou_q4.mp4,21840,728.0,skip,skip
madden26_chi_vs_hou_q4.mp4,24315,810.5,shotgun_bunch,high
madden26_chi_vs_hou_q4.mp4,24330,811.0,shotgun_bunch,high
madden26_chi_vs_hou_q4.mp4,24360,812.0,shotgun_bunch,high
madden26_chi_vs_hou_q4.mp4,24375,812.5,shotgun_bunch,high
madden26_chi_vs_hou_q4.mp4,24390,813.0,shotgun_bunch,high
madden26_chi_vs_hou_q4.mp4,25110,837.0,pistol_strong,high
madden26_chi_vs_hou_q4.mp4,25170,839.0,pistol_strong,high
madden26_chi_vs_hou_q4.mp4,25230,841.0,pistol_strong,high
madden26_chi_vs_hou_q4.mp4,25890,863.0,shotgun_doubles,high
madden26_chi_vs_hou_q4.mp4,25950,865.0,shotgun_doubles,high
madden26_chi_vs_hou_q4.mp4,26010,867.0,shotgun_doubles,high
madden26_chi_vs_hou_q4.mp4,26685,889.5,shotgun_trips,high
madden26_chi_vs_hou_q4.mp4,26760,892.0,shotgun_trips,high
madden26_chi_vs_hou_q4.mp4,26835,894.5,shotgun_trips,high
madden26_chi_vs_hou_q4.mp4,27555,918.5,skip,skip
madden26_chi_vs_hou_q4.mp4,27585,919.5,skip,skip
madden26_chi_vs_hou_q4.mp4,27630,921.0,skip,skip
madden26_chi_vs_hou_q4.mp4,28155,938.5,singleback_wing,high
madden26_chi_vs_hou_q4.mp4,28200,940.0,singleback_wing,high
madden26_chi_vs_hou_q4.mp4,28245,941.5,singleback_wing,high
madden26_chi_vs_hou_q4.mp4,28905,963.5,singleback_wing,high
madden26_chi_vs_hou_q4.mp4,28920,964.0,singleback_wing,high
madden26_chi_vs_hou_q4.mp4,28950,965.0,singleback_wing,high
madden26_chi_vs_hou_q4.mp4,28965,965.5,singleback_wing,high
madden26_chi_vs_hou_q4.mp4,28980,966.0,singleback_wing,high
madden26_chi_vs_hou_q4.mp4,29025,967.5,singleback_wing,high
madden26_chi_vs_hou_q4.mp4,29085,969.5,singleback_wing,high
madden26_chi_vs_hou_q4.mp4,29145,971.5,skip,skip
madden26_chi_vs_hou_q4.mp4,29820,994.0,shotgun_trips,high
madden26_chi_vs_hou_q4.mp4,29850,995.0,shotgun_trips,high
madden26_chi_vs_hou_q4.mp4,29895,996.5,shotgun_trips,high
madden26_chi_vs_hou_q4.mp4,30720,1024.0,singleback_wing,high
madden26_chi_vs_hou_q4.mp4,30765,1025.5,singleback_wing,high
madden26_chi_vs_hou_q4.mp4,30810,1027.0,singleback_wing,high
madden26_chi_vs_hou_q4.mp4,31455,1048.5,singleback_wing,high
madden26_chi_vs_hou_q4.mp4,31485,1049.5,singleback_wing,high
madden26_chi_vs_hou_q4.mp4,31515,1050.5,singleback_wing,high
madden26_chi_vs_hou_q4.mp4,32205,1073.5,shotgun_bunch,high
madden26_chi_vs_hou_q4.mp4,32280,1076.0,shotgun_bunch,high
madden26_chi_vs_hou_q4.mp4,32355,1078.5,shotgun_bunch,high
madden26_chi_vs_hou_q4.mp4,33705,1123.5,skip,skip
madden26_dal_vs_sf_q1.mp4,2025,67.5,shotgun_trips,high
madden26_dal_vs_sf_q1.mp4,2085,69.5,shotgun_trips,high
madden26_dal_vs_sf_q1.mp4,2145,71.5,shotgun_trips,high
madden26_dal_vs_sf_q1.mp4,2850,95.0,shotgun_empty,high
madden26_dal_vs_sf_q1.mp4,2895,96.5,shotgun_empty,high
madden26_dal_vs_sf_q1.mp4,2955,98.5,shotgun_empty,high
madden26_dal_vs_sf_q1.mp4,3180,106.0,skip,skip
madden26_dal_vs_sf_q1.mp4,3915,130.5,shotgun_empty,high
madden26_dal_vs_sf_q1.mp4,3975,132.5,shotgun_empty,high
madden26_dal_vs_sf_q1.mp4,4050,135.0,shotgun_empty,high
madden26_dal_vs_sf_q1.mp4,4785,159.5,singleback_ace,high
madden26_dal_vs_sf_q1.mp4,4860,162.0,singleback_ace,high
madden26_dal_vs_sf_q1.mp4,4950,165.0,singleback_ace,high
madden26_dal_vs_sf_q1.mp4,5595,186.5,shotgun_trips,high
madden26_dal_vs_sf_q1.mp4,5655,188.5,shotgun_trips,high
madden26_dal_vs_sf_q1.mp4,5715,190.5,shotgun_trips,high
madden26_dal_vs_sf_q1.mp4,6450,215.0,skip,skip
madden26_dal_vs_sf_q1.mp4,6510,217.0,singleback_wing,high
madden26_dal_vs_sf_q1.mp4,6570,219.0,singleback_wing,high
madden26_dal_vs_sf_q1.mp4,7275,242.5,singleback_wing,high
madden26_dal_vs_sf_q1.mp4,7320,244.0,singleback_wing,high
madden26_dal_vs_sf_q1.mp4,7365,245.5,singleback_wing,high
madden26_dal_vs_sf_q1.mp4,8535,284.5,skip,skip
madden26_dal_vs_sf_q1.mp4,8580,286.0,skip,skip
madden26_dal_vs_sf_q1.mp4,8625,287.5,skip,skip
madden26_dal_vs_sf_q1.mp4,10020,334.0,i_form_pro,high
madden26_dal_vs_sf_q1.mp4,10065,335.5,i_form_pro,high
madden26_dal_vs_sf_q1.mp4,10110,337.0,i_form_pro,high
madden26_dal_vs_sf_q1.mp4,10815,360.5,shotgun_bunch,high
madden26_dal_vs_sf_q1.mp4,10875,362.5,shotgun_bunch,high
madden26_dal_vs_sf_q1.mp4,10935,364.5,shotgun_bunch,high
madden26_dal_vs_sf_q1.mp4,11610,387.0,shotgun_trips,high
madden26_dal_vs_sf_q1.mp4,11655,388.5,shotgun_trips,high
madden26_dal_vs_sf_q1.mp4,11700,390.0,shotgun_trips,high
madden26_dal_vs_sf_q1.mp4,12765,425.5,singleback_wing,high
madden26_dal_vs_sf_q1.mp4,12810,427.0,singleback_wing,high
madden26_dal_vs_sf_q1.mp4,12855,428.5,singleback_wing,high
madden26_dal_vs_sf_q1.mp4,13530,451.0,shotgun_bunch,high
madden26_dal_vs_sf_q1.mp4,13575,452.5,shotgun_bunch,high
madden26_dal_vs_sf_q1.mp4,13620,454.0,shotgun_bunch,high
madden26_dal_vs_sf_q1.mp4,14370,479.0,shotgun_trips,high
madden26_dal_vs_sf_q1.mp4,14430,481.0,shotgun_trips,high
madden26_dal_vs_sf_q1.mp4,14490,483.0,shotgun_trips,high
madden26_dal_vs_sf_q1.mp4,14745,491.5,skip,skip
madden26_dal_vs_sf_q1.mp4,15465,515.5,singleback_wing,high
madden26_dal_vs_sf_q1.mp4,15510,517.0,singleback_wing,high
madden26_dal_vs_sf_q1.mp4,15570,519.0,singleback_wing,high
madden26_dal_vs_sf_q1.mp4,16245,541.5,shotgun_bunch,high
madden26_dal_vs_sf_q1.mp4,16290,543.0,shotgun_bunch,high
madden26_dal_vs_sf_q1.mp4,16335,544.5,shotgun_bunch,high
madden26_dal_vs_sf_q1.mp4,17115,570.5,skip,skip
madden26_dal_vs_sf_q1.mp4,17160,572.0,shotgun_bunch,high
madden26_dal_vs_sf_q1.mp4,17220,574.0,shotgun_bunch,high
madden26_dal_vs_sf_q1.mp4,17355,578.5,skip,skip
madden26_dal_vs_sf_q1.mp4,17370,579.0,skip,skip
madden26_dal_vs_sf_q1.mp4,17385,579.5,skip,skip
madden26_dal_vs_sf_q1.mp4,17955,598.5,skip,skip
madden26_dal_vs_sf_q1.mp4,18015,600.5,skip,skip
madden26_dal_vs_sf_q1.mp4,18075,602.5,skip,skip
madden26_dal_vs_sf_q1.mp4,18210,607.0,skip,skip
madden26_dal_vs_sf_q1.mp4,18780,626.0,shotgun_bunch,high
madden26_dal_vs_sf_q1.mp4,18885,629.5,shotgun_bunch,high
madden26_dal_vs_sf_q1.mp4,18990,633.0,shotgun_bunch,high
madden26_dal_vs_sf_q1.mp4,19170,639.0,skip,skip
madden26_dal_vs_sf_q1.mp4,19185,639.5,skip,skip
madden26_dal_vs_sf_q1.mp4,19200,640.0,skip,skip
madden26_dal_vs_sf_q1.mp4,19860,662.0,i_form_pro,high
madden26_dal_vs_sf_q1.mp4,19920,664.0,i_form_pro,high
madden26_dal_vs_sf_q1.mp4,19980,666.0,i_form_pro,high
madden26_dal_vs_sf_q1.mp4,21225,707.5,skip,skip
madden26_dal_vs_sf_q1.mp4,21255,708.5,skip,skip
madden26_dal_vs_sf_q1.mp4,21300,710.0,skip,skip
madden26_dal_vs_sf_q1.mp4,22890,763.0,skip,skip
madden26_dal_vs_sf_q1.mp4,22935,764.5,skip,skip
madden26_dal_vs_sf_q1.mp4,22995,766.5,skip,skip
madden26_dal_vs_sf_q1.mp4,23160,772.0,skip,skip
madden26_dal_vs_sf_q1.mp4,23175,772.5,skip,skip
madden26_dal_vs_sf_q1.mp4,24465,815.5,shotgun_trips,high
madden26_dal_vs_sf_q1.mp4,24540,818.0,shotgun_trips,high
madden26_dal_vs_sf_q1.mp4,24615,820.5,shotgun_trips,high
madden26_dal_vs_sf_q1.mp4,24765,825.5,skip,skip
madden26_dal_vs_sf_q1.mp4,24780,826.0,skip,skip
madden26_dal_vs_sf_q1.mp4,25335,844.5,skip,skip
madden26_dal_vs_sf_q1.mp4,25380,846.0,skip,skip
madden26_dal_vs_sf_q1.mp4,25425,847.5,skip,skip
madden26_dal_vs_sf_q1.mp4,26385,879.5,shotgun_trips,high
madden26_dal_vs_sf_q1.mp4,26430,881.0,shotgun_trips,high
madden26_dal_vs_sf_q1.mp4,26475,882.5,shotgun_trips,high
madden26_dal_vs_sf_q1.mp4,26670,889.0,skip,skip
madden26_dal_vs_sf_q1.mp4,26685,889.5,skip,skip
madden26_dal_vs_sf_q1.mp4,27195,906.5,shotgun_trips,high
madden26_dal_vs_sf_q1.mp4,27225,907.5,shotgun_trips,high
madden26_dal_vs_sf_q1.mp4,27255,908.5,shotgun_trips,high
madden26_dal_vs_sf_q1.mp4,27405,913.5,skip,skip
madden26_dal_vs_sf_q1.mp4,28095,936.5,skip,skip
madden26_dal_vs_sf_q1.mp4,28140,938.0,singleback_wing,high
madden26_dal_vs_sf_q1.mp4,28185,939.5,singleback_wing,high
madden26_dal_vs_sf_q1.mp4,29070,969.0,shotgun_trips,high
madden26_dal_vs_sf_q1.mp4,29115,970.5,shotgun_trips,high
madden26_dal_vs_sf_q1.mp4,29175,972.5,shotgun_trips,high
madden26_dal_vs_sf_q1.mp4,29370,979.0,skip,skip
madden26_dal_vs_sf_q1.mp4,29385,979.5,skip,skip
madden26_dal_vs_sf_q1.mp4,29400,980.0,skip,skip
madden26_dal_vs_sf_q1.mp4,29925,997.5,shotgun_trips,high
madden26_dal_vs_sf_q1.mp4,29955,998.5,shotgun_trips,high
madden26_dal_vs_sf_q1.mp4,29985,999.5,shotgun_trips,high
madden26_dal_vs_sf_q1.mp4,32445,1081.5,singleback_wing,high
madden26_dal_vs_sf_q1.mp4,32490,1083.0,singleback_wing,high
madden26_dal_vs_sf_q1.mp4,32535,1084.5,singleback_wing,high
madden26_dal_vs_sf_q1.mp4,33630,1121.0,singleback_wing,high
madden26_dal_vs_sf_q1.mp4,33675,1122.5,singleback_wing,high
madden26_dal_vs_sf_q1.mp4,33735,1124.5,singleback_wing,high
madden26_dal_vs_sf_q1.mp4,33990,1133.0,skip,skip
madden26_dal_vs_sf_q1.mp4,34005,1133.5,skip,skip
madden26_dal_vs_sf_q1.mp4,34470,1149.0,singleback_wing,high
madden26_dal_vs_sf_q1.mp4,34530,1151.0,singleback_wing,high
madden26_dal_vs_sf_q1.mp4,34590,1153.0,singleback_wing,high
madden26_dal_vs_sf_q1.mp4,35280,1176.0,shotgun_bunch,high
madden26_dal_vs_sf_q1.mp4,35325,1177.5,shotgun_bunch,high
madden26_dal_vs_sf_q1.mp4,35370,1179.0,shotgun_bunch,high
madden26_gb_vs_det_q1.mp4,2055,68.5,shotgun_trips,high
madden26_gb_vs_det_q1.mp4,2100,70.0,shotgun_trips,high
madden26_gb_vs_det_q1.mp4,2145,71.5,shotgun_trips,high
madden26_gb_vs_det_q1.mp4,3015,100.5,skip,skip
madden26_gb_vs_det_q1.mp4,3060,102.0,skip,skip
madden26_gb_vs_det_q1.mp4,3120,104.0,skip,skip
madden26_gb_vs_det_q1.mp4,3810,127.0,skip,skip
madden26_gb_vs_det_q1.mp4,3855,128.5,singleback_wing,high
madden26_gb_vs_det_q1.mp4,3915,130.5,singleback_wing,high
madden26_gb_vs_det_q1.mp4,4680,156.0,shotgun_doubles,high
madden26_gb_vs_det_q1.mp4,4725,157.5,shotgun_doubles,high
madden26_gb_vs_det_q1.mp4,4770,159.0,shotgun_doubles,high
madden26_gb_vs_det_q1.mp4,5625,187.5,skip,skip
madden26_gb_vs_det_q1.mp4,5655,188.5,skip,skip
madden26_gb_vs_det_q1.mp4,5685,189.5,skip,skip
madden26_gb_vs_det_q1.mp4,6285,209.5,singleback_wing,high
madden26_gb_vs_det_q1.mp4,6330,211.0,singleback_wing,high
madden26_gb_vs_det_q1.mp4,6375,212.5,singleback_wing,high
madden26_gb_vs_det_q1.mp4,6540,218.0,skip,skip
madden26_gb_vs_det_q1.mp4,6555,218.5,skip,skip
madden26_gb_vs_det_q1.mp4,6570,219.0,skip,skip
madden26_gb_vs_det_q1.mp4,7080,236.0,singleback_wing,high
madden26_gb_vs_det_q1.mp4,7125,237.5,singleback_wing,high
madden26_gb_vs_det_q1.mp4,7185,239.5,singleback_wing,high
madden26_gb_vs_det_q1.mp4,7830,261.0,skip,skip
madden26_gb_vs_det_q1.mp4,7860,262.0,i_form_pro,high
madden26_gb_vs_det_q1.mp4,7905,263.5,i_form_pro,high
madden26_gb_vs_det_q1.mp4,8610,287.0,skip,skip
madden26_gb_vs_det_q1.mp4,8655,288.5,skip,skip
madden26_gb_vs_det_q1.mp4,8700,290.0,skip,skip
madden26_gb_vs_det_q1.mp4,9315,310.5,shotgun_bunch,high
madden26_gb_vs_det_q1.mp4,9360,312.0,shotgun_bunch,high
madden26_gb_vs_det_q1.mp4,9405,313.5,shotgun_bunch,high
madden26_gb_vs_det_q1.mp4,10080,336.0,shotgun_doubles,high
madden26_gb_vs_det_q1.mp4,10125,337.5,shotgun_doubles,high
madden26_gb_vs_det_q1.mp4,10170,339.0,shotgun_doubles,high
madden26_gb_vs_det_q1.mp4,11085,369.5,i_form_pro,high
madden26_gb_vs_det_q1.mp4,11130,371.0,i_form_pro,high
madden26_gb_vs_det_q1.mp4,11175,372.5,i_form_pro,high
madden26_gb_vs_det_q1.mp4,11865,395.5,shotgun_trips,high
madden26_gb_vs_det_q1.mp4,11925,397.5,shotgun_trips,high
madden26_gb_vs_det_q1.mp4,11985,399.5,shotgun_trips,high
madden26_gb_vs_det_q1.mp4,12735,424.5,shotgun_bunch,high
madden26_gb_vs_det_q1.mp4,12795,426.5,shotgun_bunch,high
madden26_gb_vs_det_q1.mp4,12855,428.5,shotgun_bunch,high
madden26_gb_vs_det_q1.mp4,13560,452.0,singleback_ace,high
madden26_gb_vs_det_q1.mp4,13635,454.5,singleback_ace,high
madden26_gb_vs_det_q1.mp4,13710,457.0,skip,skip
madden26_gb_vs_det_q1.mp4,14430,481.0,skip,skip
madden26_gb_vs_det_q1.mp4,14475,482.5,singleback_wing,high
madden26_gb_vs_det_q1.mp4,14520,484.0,singleback_wing,high
madden26_gb_vs_det_q1.mp4,14685,489.5,skip,skip
madden26_gb_vs_det_q1.mp4,14700,490.0,skip,skip
madden26_gb_vs_det_q1.mp4,15195,506.5,skip,skip
madden26_gb_vs_det_q1.mp4,15240,508.0,singleback_wing,high
madden26_gb_vs_det_q1.mp4,15285,509.5,singleback_wing,high
madden26_gb_vs_det_q1.mp4,16095,536.5,skip,skip
madden26_gb_vs_det_q1.mp4,16140,538.0,skip,skip
madden26_gb_vs_det_q1.mp4,16200,540.0,skip,skip
madden26_gb_vs_det_q1.mp4,17595,586.5,shotgun_trips,high
madden26_gb_vs_det_q1.mp4,17625,587.5,shotgun_trips,high
madden26_gb_vs_det_q1.mp4,17670,589.0,shotgun_trips,high
madden26_gb_vs_det_q1.mp4,18330,611.0,shotgun_empty,high
madden26_gb_vs_det_q1.mp4,18345,611.5,shotgun_empty,high
madden26_gb_vs_det_q1.mp4,18375,612.5,shotgun_empty,high
madden26_gb_vs_det_q1.mp4,18645,621.5,shotgun_empty,high
madden26_gb_vs_det_q1.mp4,18705,623.5,shotgun_empty,high
madden26_gb_vs_det_q1.mp4,18765,625.5,shotgun_empty,high
madden26_gb_vs_det_q1.mp4,19500,650.0,shotgun_bunch,high
madden26_gb_vs_det_q1.mp4,19530,651.0,shotgun_bunch,high
madden26_gb_vs_det_q1.mp4,19560,652.0,shotgun_bunch,high
madden26_gb_vs_det_q1.mp4,20220,674.0,shotgun_trips,high
madden26_gb_vs_det_q1.mp4,20250,675.0,shotgun_trips,high
madden26_gb_vs_det_q1.mp4,20280,676.0,shotgun_trips,high
madden26_gb_vs_det_q1.mp4,20445,681.5,skip,skip
madden26_gb_vs_det_q1.mp4,20460,682.0,skip,skip
madden26_gb_vs_det_q1.mp4,20940,698.0,shotgun_trips,high
madden26_gb_vs_det_q1.mp4,21000,700.0,shotgun_trips,high
madden26_gb_vs_det_q1.mp4,21060,702.0,shotgun_trips,high
madden26_gb_vs_det_q1.mp4,21975,732.5,shotgun_bunch,high
madden26_gb_vs_det_q1.mp4,22065,735.5,shotgun_bunch,high
madden26_gb_vs_det_q1.mp4,22155,738.5,shotgun_bunch,high
madden26_gb_vs_det_q1.mp4,23040,768.0,shotgun_doubles,high
madden26_gb_vs_det_q1.mp4,23070,769.0,shotgun_doubles,high
madden26_gb_vs_det_q1.mp4,23100,770.0,shotgun_doubles,high
madden26_gb_vs_det_q1.mp4,24015,800.5,skip,skip
madden26_gb_vs_det_q1.mp4,24060,802.0,skip,skip
madden26_gb_vs_det_q1.mp4,24120,804.0,skip,skip
madden26_gb_vs_det_q1.mp4,24780,826.0,shotgun_trips,high
madden26_gb_vs_det_q1.mp4,24825,827.5,shotgun_trips,high
madden26_gb_vs_det_q1.mp4,24870,829.0,shotgun_trips,high
madden26_gb_vs_det_q1.mp4,25740,858.0,shotgun_trips,high
madden26_gb_vs_det_q1.mp4,25800,860.0,shotgun_trips,high
madden26_gb_vs_det_q1.mp4,25860,862.0,shotgun_trips,high
madden26_gb_vs_det_q1.mp4,26535,884.5,skip,skip
madden26_gb_vs_det_q1.mp4,26595,886.5,skip,skip
madden26_gb_vs_det_q1.mp4,26655,888.5,skip,skip
madden26_gb_vs_det_q1.mp4,27660,922.0,shotgun_trips,high
madden26_gb_vs_det_q1.mp4,27720,924.0,shotgun_trips,high
madden26_gb_vs_det_q1.mp4,27780,926.0,shotgun_trips,high
madden26_gb_vs_det_q1.mp4,28125,937.5,skip,skip
madden26_gb_vs_det_q1.mp4,28140,938.0,skip,skip
madden26_gb_vs_det_q1.mp4,30030,1001.0,i_form_pro,high
madden26_gb_vs_det_q1.mp4,30060,1002.0,i_form_pro,high
madden26_gb_vs_det_q1.mp4,30105,1003.5,i_form_pro,high
madden26_gb_vs_det_q1.mp4,30795,1026.5,skip,skip
madden26_gb_vs_det_q1.mp4,30840,1028.0,singleback_ace,high
madden26_gb_vs_det_q1.mp4,30885,1029.5,singleback_ace,high
madden26_gb_vs_det_q1.mp4,31590,1053.0,shotgun_empty,high
madden26_gb_vs_det_q1.mp4,31650,1055.0,shotgun_empty,high
madden26_gb_vs_det_q1.mp4,31710,1057.0,shotgun_empty,high
madden26_gb_vs_det_q1.mp4,32400,1080.0,singleback_wing,high
madden26_gb_vs_det_q1.mp4,32445,1081.5,singleback_wing,high
madden26_gb_vs_det_q1.mp4,32490,1083.0,singleback_wing,high
madden26_gb_vs_det_q1.mp4,33330,1111.0,singleback_wing,high
madden26_gb_vs_det_q1.mp4,33375,1112.5,singleback_wing,high
madden26_gb_vs_det_q1.mp4,33420,1114.0,singleback_wing,high
madden26_ind_vs_ne__q4.mp4,1155,38.5,skip,skip
madden26_ind_vs_ne__q4.mp4,1200,40.0,skip,skip
madden26_ind_vs_ne__q4.mp4,1260,42.0,skip,skip
madden26_ind_vs_ne__q4.mp4,2625,87.5,singleback_ace,high
madden26_ind_vs_ne__q4.mp4,2670,89.0,singleback_ace,high
madden26_ind_vs_ne__q4.mp4,2730,91.0,singleback_ace,high
madden26_ind_vs_ne__q4.mp4,3420,114.0,skip,skip
madden26_ind_vs_ne__q4.mp4,3450,115.0,skip,skip
madden26_ind_vs_ne__q4.mp4,3495,116.5,skip,skip
madden26_ind_vs_ne__q4.mp4,3765,125.5,skip,skip
madden26_ind_vs_ne__q4.mp4,4245,141.5,skip,skip
madden26_ind_vs_ne__q4.mp4,4305,143.5,skip,skip
madden26_ind_vs_ne__q4.mp4,4365,145.5,skip,skip
madden26_ind_vs_ne__q4.mp4,5325,177.5,shotgun_trips,high
madden26_ind_vs_ne__q4.mp4,5370,179.0,shotgun_trips,high
madden26_ind_vs_ne__q4.mp4,5430,181.0,shotgun_trips,high
madden26_ind_vs_ne__q4.mp4,6150,205.0,shotgun_trips,high
madden26_ind_vs_ne__q4.mp4,6210,207.0,shotgun_trips,high
madden26_ind_vs_ne__q4.mp4,6270,209.0,shotgun_trips,high
madden26_ind_vs_ne__q4.mp4,6930,231.0,skip,skip
madden26_ind_vs_ne__q4.mp4,6975,232.5,skip,skip
madden26_ind_vs_ne__q4.mp4,7020,234.0,skip,skip
madden26_ind_vs_ne__q4.mp4,7815,260.5,skip,skip
madden26_ind_vs_ne__q4.mp4,7860,262.0,shotgun_bunch,high
madden26_ind_vs_ne__q4.mp4,7920,264.0,shotgun_bunch,high
madden26_ind_vs_ne__q4.mp4,8595,286.5,shotgun_bunch,high
madden26_ind_vs_ne__q4.mp4,8655,288.5,shotgun_bunch,high
madden26_ind_vs_ne__q4.mp4,8730,291.0,shotgun_bunch,high
madden26_ind_vs_ne__q4.mp4,9630,321.0,i_form_pro,high
madden26_ind_vs_ne__q4.mp4,9660,322.0,i_form_pro,high
madden26_ind_vs_ne__q4.mp4,9705,323.5,i_form_pro,high
madden26_ind_vs_ne__q4.mp4,10575,352.5,skip,skip
madden26_ind_vs_ne__q4.mp4,10620,354.0,skip,skip
madden26_ind_vs_ne__q4.mp4,10665,355.5,skip,skip
madden26_ind_vs_ne__q4.mp4,11565,385.5,singleback_wing,high
madden26_ind_vs_ne__q4.mp4,11610,387.0,singleback_wing,high
madden26_ind_vs_ne__q4.mp4,11655,388.5,singleback_wing,high
madden26_ind_vs_ne__q4.mp4,12615,420.5,skip,skip
madden26_ind_vs_ne__q4.mp4,12645,421.5,skip,skip
madden26_ind_vs_ne__q4.mp4,12675,422.5,skip,skip
madden26_ind_vs_ne__q4.mp4,13350,445.0,skip,skip
madden26_ind_vs_ne__q4.mp4,13410,447.0,skip,skip
madden26_ind_vs_ne__q4.mp4,13470,449.0,skip,skip
madden26_kc_vs_phi._q1.mp4,2460,82.0,skip,skip
madden26_kc_vs_phi._q1.mp4,2490,83.0,skip,skip
madden26_kc_vs_phi._q1.mp4,2535,84.5,skip,skip
madden26_kc_vs_phi._q1.mp4,3180,106.0,skip,skip
madden26_kc_vs_phi._q1.mp4,3225,107.5,skip,skip
madden26_kc_vs_phi._q1.mp4,3270,109.0,skip,skip
madden26_kc_vs_phi._q1.mp4,3390,113.0,skip,skip
madden26_kc_vs_phi._q1.mp4,4125,137.5,skip,skip
madden26_kc_vs_phi._q1.mp4,4155,138.5,skip,skip
madden26_kc_vs_phi._q1.mp4,4185,139.5,skip,skip
madden26_kc_vs_phi._q1.mp4,4275,142.5,skip,skip
madden26_kc_vs_phi._q1.mp4,4485,149.5,skip,skip
madden26_kc_vs_phi._q1.mp4,4515,150.5,skip,skip
madden26_kc_vs_phi._q1.mp4,4545,151.5,skip,skip
madden26_kc_vs_phi._q1.mp4,5355,178.5,skip,skip
madden26_kc_vs_phi._q1.mp4,5415,180.5,skip,skip
madden26_kc_vs_phi._q1.mp4,5475,182.5,skip,skip
madden26_kc_vs_phi._q1.mp4,6180,206.0,skip,skip
madden26_kc_vs_phi._q1.mp4,6255,208.5,shotgun_doubles,high
madden26_kc_vs_phi._q1.mp4,6345,211.5,shotgun_doubles,high
madden26_kc_vs_phi._q1.mp4,7050,235.0,skip,skip
madden26_kc_vs_phi._q1.mp4,7110,237.0,singleback_wing,high
madden26_kc_vs_phi._q1.mp4,7170,239.0,singleback_wing,high
madden26_kc_vs_phi._q1.mp4,8040,268.0,i_form_pro,high
madden26_kc_vs_phi._q1.mp4,8085,269.5,i_form_pro,high
madden26_kc_vs_phi._q1.mp4,8130,271.0,i_form_pro,high
madden26_kc_vs_phi._q1.mp4,8790,293.0,skip,skip
madden26_kc_vs_phi._q1.mp4,8835,294.5,skip,skip
madden26_kc_vs_phi._q1.mp4,8880,296.0,skip,skip
madden26_kc_vs_phi._q1.mp4,9540,318.0,shotgun_doubles,high
madden26_kc_vs_phi._q1.mp4,9600,320.0,shotgun_doubles,high
madden26_kc_vs_phi._q1.mp4,9660,322.0,shotgun_doubles,high
madden26_kc_vs_phi._q1.mp4,9795,326.5,skip,skip
madden26_kc_vs_phi._q1.mp4,9825,327.5,skip,skip
madden26_kc_vs_phi._q1.mp4,9855,328.5,skip,skip
madden26_kc_vs_phi._q1.mp4,10275,342.5,skip,skip
madden26_kc_vs_phi._q1.mp4,10290,343.0,skip,skip
madden26_kc_vs_phi._q1.mp4,10305,343.5,skip,skip
madden26_kc_vs_phi._q1.mp4,10380,346.0,skip,skip
madden26_kc_vs_phi._q1.mp4,10425,347.5,skip,skip
madden26_kc_vs_phi._q1.mp4,10485,349.5,skip,skip
madden26_kc_vs_phi._q1.mp4,12780,426.0,shotgun_bunch,high
madden26_kc_vs_phi._q1.mp4,12825,427.5,shotgun_bunch,high
madden26_kc_vs_phi._q1.mp4,12870,429.0,shotgun_bunch,high
madden26_kc_vs_phi._q1.mp4,13545,451.5,skip,skip
madden26_kc_vs_phi._q1.mp4,13605,453.5,skip,skip
madden26_kc_vs_phi._q1.mp4,13665,455.5,skip,skip
madden26_kc_vs_phi._q1.mp4,14370,479.0,skip,skip
madden26_kc_vs_phi._q1.mp4,14415,480.5,skip,skip
madden26_kc_vs_phi._q1.mp4,14460,482.0,skip,skip
madden26_kc_vs_phi._q1.mp4,16035,534.5,skip,skip
madden26_kc_vs_phi._q1.mp4,16065,535.5,skip,skip
madden26_kc_vs_phi._q1.mp4,16095,536.5,skip,skip
madden26_kc_vs_phi._q1.mp4,16170,539.0,skip,skip
madden26_kc_vs_phi._q1.mp4,17655,588.5,skip,skip
madden26_kc_vs_phi._q1.mp4,18315,610.5,i_form_pro,high
madden26_kc_vs_phi._q1.mp4,18360,612.0,i_form_pro,high
madden26_kc_vs_phi._q1.mp4,18405,613.5,i_form_pro,high
madden26_kc_vs_phi._q1.mp4,18555,618.5,skip,skip
madden26_kc_vs_phi._q1.mp4,18585,619.5,skip,skip
madden26_kc_vs_phi._q1.mp4,18615,620.5,skip,skip
madden26_kc_vs_phi._q1.mp4,19095,636.5,shotgun_trips,high
madden26_kc_vs_phi._q1.mp4,19155,638.5,shotgun_trips,high
madden26_kc_vs_phi._q1.mp4,19215,640.5,shotgun_trips,high
madden26_kc_vs_phi._q1.mp4,19380,646.0,skip,skip
madden26_kc_vs_phi._q1.mp4,19845,661.5,shotgun_empty,high
madden26_kc_vs_phi._q1.mp4,19875,662.5,shotgun_empty,high
madden26_kc_vs_phi._q1.mp4,19905,663.5,shotgun_empty,high
madden26_kc_vs_phi._q1.mp4,19965,665.5,shotgun_empty,high
madden26_kc_vs_phi._q1.mp4,19980,666.0,shotgun_empty,high
madden26_kc_vs_phi._q1.mp4,20190,673.0,skip,skip
madden26_kc_vs_phi._q1.mp4,20340,678.0,shotgun_bunch,high
madden26_kc_vs_phi._q1.mp4,20385,679.5,shotgun_bunch,high
madden26_kc_vs_phi._q1.mp4,20445,681.5,shotgun_bunch,high
madden26_kc_vs_phi._q1.mp4,20595,686.5,skip,skip
madden26_kc_vs_phi._q1.mp4,20610,687.0,skip,skip
madden26_kc_vs_phi._q1.mp4,20625,687.5,skip,skip
madden26_kc_vs_phi._q1.mp4,21135,704.5,skip,skip
madden26_kc_vs_phi._q1.mp4,21165,705.5,skip,skip
madden26_kc_vs_phi._q1.mp4,21210,707.0,skip,skip
madden26_kc_vs_phi._q1.mp4,21285,709.5,skip,skip
madden26_kc_vs_phi._q1.mp4,21480,716.0,skip,skip
madden26_kc_vs_phi._q1.mp4,21495,716.5,skip,skip
madden26_kc_vs_phi._q1.mp4,21510,717.0,skip,skip
madden26_kc_vs_phi._q1.mp4,22290,743.0,shotgun_bunch,high
madden26_kc_vs_phi._q1.mp4,22335,744.5,shotgun_bunch,high
madden26_kc_vs_phi._q1.mp4,22380,746.0,shotgun_bunch,high
madden26_kc_vs_phi._q1.mp4,22515,750.5,skip,skip
madden26_kc_vs_phi._q1.mp4,22815,760.5,skip,skip
madden26_kc_vs_phi._q1.mp4,22875,762.5,skip,skip
madden26_kc_vs_phi._q1.mp4,22890,763.0,skip,skip
madden26_kc_vs_phi._q1.mp4,22905,763.5,skip,skip
madden26_kc_vs_phi._q1.mp4,22995,766.5,shotgun_empty,high
madden26_kc_vs_phi._q1.mp4,23055,768.5,shotgun_empty,high
madden26_kc_vs_phi._q1.mp4,23115,770.5,shotgun_empty,high
madden26_kc_vs_phi._q1.mp4,23250,775.0,skip,skip
madden26_kc_vs_phi._q1.mp4,23280,776.0,skip,skip
madden26_kc_vs_phi._q1.mp4,23325,777.5,skip,skip
madden26_kc_vs_phi._q1.mp4,24150,805.0,singleback_ace,high
madden26_kc_vs_phi._q1.mp4,24195,806.5,singleback_ace,high
madden26_kc_vs_phi._q1.mp4,24255,808.5,singleback_ace,high
madden26_kc_vs_phi._q1.mp4,24960,832.0,shotgun_empty,high
madden26_kc_vs_phi._q1.mp4,25005,833.5,shotgun_empty,high
madden26_kc_vs_phi._q1.mp4,25050,835.0,shotgun_empty,high
madden26_kc_vs_phi._q1.mp4,25770,859.0,skip,skip
madden26_kc_vs_phi._q1.mp4,25845,861.5,skip,skip
madden26_kc_vs_phi._q1.mp4,25920,864.0,skip,skip
madden26_kc_vs_phi._q1.mp4,26145,871.5,skip,skip
madden26_kc_vs_phi._q1.mp4,26625,887.5,shotgun_bunch,high
madden26_kc_vs_phi._q1.mp4,26670,889.0,shotgun_bunch,high
madden26_kc_vs_phi._q1.mp4,26715,890.5,shotgun_bunch,high
madden26_kc_vs_phi._q1.mp4,27360,912.0,skip,skip
madden26_kc_vs_phi._q1.mp4,27420,914.0,skip,skip
madden26_kc_vs_phi._q1.mp4,27480,916.0,skip,skip
madden26_kc_vs_phi._q1.mp4,27645,921.5,skip,skip
madden26_kc_vs_phi._q1.mp4,27660,922.0,skip,skip
madden26_kc_vs_phi._q1.mp4,27675,922.5,skip,skip
madden26_kc_vs_phi._q1.mp4,28920,964.0,skip,skip
madden26_kc_vs_phi._q1.mp4,28965,965.5,skip,skip
madden26_kc_vs_phi._q1.mp4,29010,967.0,skip,skip
madden26_kc_vs_phi._q1.mp4,30450,1015.0,skip,skip
madden26_kc_vs_phi._q1.mp4,31260,1042.0,skip,skip
madden26_kc_vs_phi._q1.mp4,31350,1045.0,skip,skip
madden26_kc_vs_phi._q1.mp4,31440,1048.0,skip,skip
madden26_kc_vs_phi._q1.mp4,32115,1070.5,skip,skip
madden26_kc_vs_phi._q1.mp4,32175,1072.5,skip,skip
madden26_kc_vs_phi._q1.mp4,32250,1075.0,skip,skip
madden26_kc_vs_phi._q1.mp4,33225,1107.5,skip,skip
madden26_kc_vs_phi._q1.mp4,33270,1109.0,skip,skip
madden26_kc_vs_phi._q1.mp4,33330,1111.0,skip,skip
madden26_kc_vs_phi._q1.mp4,33510,1117.0,skip,skip
madden26_kc_vs_phi._q1.mp4,33525,1117.5,skip,skip
madden26_kc_vs_phi._q1.mp4,33540,1118.0,skip,skip
madden26_kc_vs_phi._q1.mp4,33630,1121.0,skip,skip
madden26_kc_vs_phi._q1.mp4,34620,1154.0,singleback_ace,high
madden26_kc_vs_phi._q1.mp4,34680,1156.0,singleback_ace,high
madden26_kc_vs_phi._q1.mp4,34740,1158.0,singleback_ace,high
madden26_lac_vs_sea_q4.mp4,1380,46.0,shotgun_doubles,high
madden26_lac_vs_sea_q4.mp4,1425,47.5,shotgun_doubles,high
madden26_lac_vs_sea_q4.mp4,1485,49.5,shotgun_doubles,high
madden26_lac_vs_sea_q4.mp4,2190,73.0,skip,skip
madden26_lac_vs_sea_q4.mp4,2235,74.5,skip,skip
madden26_lac_vs_sea_q4.mp4,2295,76.5,skip,skip
madden26_lac_vs_sea_q4.mp4,3060,102.0,shotgun_trips,high
madden26_lac_vs_sea_q4.mp4,3120,104.0,shotgun_trips,high
madden26_lac_vs_sea_q4.mp4,3180,106.0,shotgun_trips,high
madden26_lac_vs_sea_q4.mp4,3870,129.0,shotgun_bunch,high
madden26_lac_vs_sea_q4.mp4,3900,130.0,shotgun_bunch,high
madden26_lac_vs_sea_q4.mp4,3945,131.5,shotgun_bunch,high
madden26_lac_vs_sea_q4.mp4,5145,171.5,skip,skip
madden26_lac_vs_sea_q4.mp4,5175,172.5,skip,skip
madden26_lac_vs_sea_q4.mp4,5220,174.0,skip,skip
madden26_lac_vs_sea_q4.mp4,6720,224.0,skip,skip
madden26_lac_vs_sea_q4.mp4,6765,225.5,singleback_wing,high
madden26_lac_vs_sea_q4.mp4,6810,227.0,singleback_wing,high
madden26_lac_vs_sea_q4.mp4,7485,249.5,skip,skip
madden26_lac_vs_sea_q4.mp4,7560,252.0,skip,skip
madden26_lac_vs_sea_q4.mp4,7635,254.5,skip,skip
madden26_lac_vs_sea_q4.mp4,8565,285.5,shotgun_trips,high
madden26_lac_vs_sea_q4.mp4,8610,287.0,shotgun_trips,high
madden26_lac_vs_sea_q4.mp4,8655,288.5,shotgun_trips,high
madden26_lac_vs_sea_q4.mp4,9360,312.0,skip,skip
madden26_lac_vs_sea_q4.mp4,9390,313.0,skip,skip
madden26_lac_vs_sea_q4.mp4,9420,314.0,skip,skip
madden26_lac_vs_sea_q4.mp4,10020,334.0,skip,skip
madden26_lac_vs_sea_q4.mp4,10050,335.0,skip,skip
madden26_lac_vs_sea_q4.mp4,10095,336.5,skip,skip
madden26_lac_vs_sea_q4.mp4,10740,358.0,shotgun_trips,high
madden26_lac_vs_sea_q4.mp4,10770,359.0,shotgun_trips,high
madden26_lac_vs_sea_q4.mp4,10815,360.5,shotgun_trips,high
madden26_lac_vs_sea_q4.mp4,11850,395.0,skip,skip
madden26_lac_vs_sea_q4.mp4,11910,397.0,skip,skip
madden26_lac_vs_sea_q4.mp4,11970,399.0,skip,skip
madden26_lac_vs_sea_q4.mp4,12690,423.0,shotgun_trips,high
madden26_lac_vs_sea_q4.mp4,12735,424.5,shotgun_trips,high
madden26_lac_vs_sea_q4.mp4,12780,426.0,shotgun_trips,high
madden26_lac_vs_sea_q4.mp4,13455,448.5,shotgun_bunch,high
madden26_lac_vs_sea_q4.mp4,13485,449.5,shotgun_bunch,high
madden26_lac_vs_sea_q4.mp4,13530,451.0,shotgun_bunch,high
madden26_lac_vs_sea_q4.mp4,14205,473.5,skip,skip
madden26_lac_vs_sea_q4.mp4,14250,475.0,skip,skip
madden26_lac_vs_sea_q4.mp4,14295,476.5,skip,skip
madden26_lac_vs_sea_q4.mp4,15045,501.5,shotgun_bunch,high
madden26_lac_vs_sea_q4.mp4,15075,502.5,shotgun_bunch,high
madden26_lac_vs_sea_q4.mp4,15105,503.5,shotgun_bunch,high
madden26_lac_vs_sea_q4.mp4,15855,528.5,shotgun_bunch,high
madden26_lac_vs_sea_q4.mp4,15885,529.5,shotgun_bunch,high
madden26_lac_vs_sea_q4.mp4,15930,531.0,shotgun_bunch,high
madden26_lac_vs_sea_q4.mp4,16590,553.0,pistol_strong,high
madden26_lac_vs_sea_q4.mp4,16620,554.0,pistol_strong,high
madden26_lac_vs_sea_q4.mp4,16650,555.0,pistol_strong,high
madden26_lac_vs_sea_q4.mp4,17685,589.5,skip,skip
madden26_lac_vs_sea_q4.mp4,17715,590.5,skip,skip
madden26_lac_vs_sea_q4.mp4,17745,591.5,skip,skip
madden26_lac_vs_sea_q4.mp4,19170,639.0,skip,skip
madden26_lac_vs_sea_q4.mp4,19215,640.5,skip,skip
madden26_lac_vs_sea_q4.mp4,19260,642.0,skip,skip
madden26_lac_vs_sea_q4.mp4,19710,657.0,skip,skip
madden26_lac_vs_sea_q4.mp4,19815,660.5,skip,skip
madden26_lac_vs_sea_q4.mp4,19920,664.0,skip,skip
madden26_lac_vs_sea_q4.mp4,20070,669.0,shotgun_trips,high
madden26_lac_vs_sea_q4.mp4,20115,670.5,shotgun_trips,high
madden26_lac_vs_sea_q4.mp4,20175,672.5,shotgun_trips,high
madden26_lac_vs_sea_q4.mp4,20850,695.0,shotgun_empty,high
madden26_lac_vs_sea_q4.mp4,20895,696.5,shotgun_empty,high
madden26_lac_vs_sea_q4.mp4,20940,698.0,shotgun_empty,high
madden26_lac_vs_sea_q4.mp4,21315,710.5,skip,skip
madden26_lac_vs_sea_q4.mp4,21795,726.5,skip,skip
madden26_lac_vs_sea_q4.mp4,21885,729.5,skip,skip
madden26_lac_vs_sea_q4.mp4,21975,732.5,skip,skip
madden26_lac_vs_sea_q4.mp4,22890,763.0,shotgun_trips,high
madden26_lac_vs_sea_q4.mp4,22950,765.0,shotgun_trips,high
madden26_lac_vs_sea_q4.mp4,23010,767.0,shotgun_trips,high
madden26_lac_vs_sea_q4.mp4,23745,791.5,shotgun_trips,high
madden26_lac_vs_sea_q4.mp4,23805,793.5,shotgun_trips,high
madden26_lac_vs_sea_q4.mp4,23865,795.5,shotgun_trips,high
madden26_lac_vs_sea_q4.mp4,24570,819.0,shotgun_doubles,high
madden26_lac_vs_sea_q4.mp4,24630,821.0,shotgun_doubles,high
madden26_lac_vs_sea_q4.mp4,24690,823.0,shotgun_doubles,high
madden26_practice_i-form_pro.mp4,435,14.5,i_form_pro,high
madden26_practice_i-form_pro.mp4,450,15.0,i_form_pro,medium
madden26_practice_i-form_pro.mp4,495,16.5,i_form_pro,high
madden26_practice_i-form_pro.mp4,510,17.0,i_form_pro,high
madden26_practice_i-form_pro.mp4,540,18.0,i_form_pro,medium
madden26_practice_i-form_pro.mp4,615,20.5,i_form_pro,medium
madden26_practice_i-form_pro.mp4,1380,46.0,i_form_pro,high
madden26_practice_i-form_pro.mp4,1395,46.5,i_form_pro,high
madden26_practice_i-form_pro.mp4,1470,49.0,i_form_pro,medium
madden26_practice_i-form_pro.mp4,1485,49.5,i_form_pro,medium
madden26_practice_i-form_pro.mp4,1680,56.0,i_form_pro,medium
madden26_practice_i-form_pro.mp4,2280,76.0,i_form_pro,high
madden26_practice_i-form_pro.mp4,2295,76.5,i_form_pro,high
madden26_practice_i-form_pro.mp4,2310,77.0,i_form_pro,high
madden26_practice_i-form_pro.mp4,2325,77.5,i_form_pro,medium
madden26_practice_i-form_pro.mp4,2505,83.5,i_form_pro,medium
madden26_practice_i-form_pro.mp4,2535,84.5,i_form_pro,medium
madden26_practice_i-form_pro.mp4,2550,85.0,i_form_pro,medium
madden26_practice_i-form_pro.mp4,2580,86.0,i_form_pro,high
madden26_practice_i-form_pro.mp4,2595,86.5,i_form_pro,high
madden26_practice_i-form_pro.mp4,2610,87.0,i_form_pro,high
madden26_practice_i-form_pro.mp4,3090,103.0,i_form_pro,high
madden26_practice_i-form_pro.mp4,3105,103.5,i_form_pro,medium
madden26_practice_i-form_pro.mp4,3135,104.5,i_form_pro,medium
madden26_practice_i-form_pro.mp4,3375,112.5,i_form_pro,high
madden26_practice_i-form_pro.mp4,3390,113.0,i_form_pro,high
madden26_practice_i-form_pro.mp4,3405,113.5,i_form_pro,high
madden26_practice_i-form_pro.mp4,4185,139.5,i_form_pro,medium
madden26_practice_i-form_pro.mp4,4200,140.0,i_form_pro,high
madden26_practice_i-form_pro.mp4,4215,140.5,i_form_pro,medium
madden26_practice_i-form_pro.mp4,4365,145.5,i_form_pro,medium
madden26_practice_i-form_pro.mp4,5040,168.0,i_form_pro,high
madden26_practice_i-form_pro.mp4,5055,168.5,i_form_pro,high
madden26_practice_i-form_pro.mp4,5130,171.0,i_form_pro,medium
madden26_practice_i-form_pro.mp4,5145,171.5,i_form_pro,medium
madden26_practice_i-form_pro.mp4,5280,176.0,i_form_pro,medium
madden26_practice_i-form_pro.mp4,5295,176.5,i_form_pro,medium
madden26_practice_i-form_pro.mp4,5865,195.5,i_form_pro,medium
madden26_practice_i-form_pro.mp4,5880,196.0,i_form_pro,high
madden26_practice_i-form_pro.mp4,5895,196.5,i_form_pro,medium
madden26_practice_i-form_pro.mp4,5925,197.5,i_form_pro,medium
madden26_practice_i-form_pro.mp4,6540,218.0,i_form_pro,high
madden26_practice_i-form_pro.mp4,6555,218.5,i_form_pro,medium
madden26_practice_i-form_pro.mp4,7200,240.0,i_form_pro,high
madden26_practice_i-form_pro.mp4,7215,240.5,i_form_pro,high
madden26_practice_i-form_pro.mp4,7260,242.0,i_form_pro,medium
madden26_practice_i-form_pro.mp4,7935,264.5,i_form_pro,medium
madden26_practice_i-form_pro.mp4,7950,265.0,i_form_pro,medium
madden26_practice_i-form_pro.mp4,8160,272.0,i_form_pro,high
madden26_practice_i-form_pro.mp4,8175,272.5,i_form_pro,high
madden26_practice_i-form_pro.mp4,8190,273.0,i_form_pro,high
madden26_practice_i-form_pro.mp4,8205,273.5,i_form_pro,high
madden26_practice_pistol_strong.mp4,435,14.5,pistol_strong,medium
madden26_practice_pistol_strong.mp4,450,15.0,pistol_strong,medium
madden26_practice_pistol_strong.mp4,855,28.5,pistol_strong,high
madden26_practice_pistol_strong.mp4,870,29.0,pistol_strong,high
madden26_practice_pistol_strong.mp4,885,29.5,pistol_strong,high
madden26_practice_pistol_strong.mp4,900,30.0,pistol_strong,medium
madden26_practice_pistol_strong.mp4,1140,38.0,pistol_strong,high
madden26_practice_pistol_strong.mp4,1155,38.5,pistol_strong,high
madden26_practice_pistol_strong.mp4,1170,39.0,pistol_strong,high
madden26_practice_pistol_strong.mp4,1665,55.5,pistol_strong,high
madden26_practice_pistol_strong.mp4,1680,56.0,pistol_strong,medium
madden26_practice_pistol_strong.mp4,1725,57.5,pistol_strong,medium
madden26_practice_pistol_strong.mp4,1920,64.0,pistol_strong,medium
madden26_practice_pistol_strong.mp4,1950,65.0,pistol_strong,high
madden26_practice_pistol_strong.mp4,1965,65.5,pistol_strong,high
madden26_practice_pistol_strong.mp4,1980,66.0,pistol_strong,high
madden26_practice_pistol_strong.mp4,1995,66.5,pistol_strong,high
madden26_practice_pistol_strong.mp4,2565,85.5,pistol_strong,high
madden26_practice_pistol_strong.mp4,2580,86.0,pistol_strong,medium
madden26_practice_pistol_strong.mp4,2610,87.0,pistol_strong,medium
madden26_practice_pistol_strong.mp4,2640,88.0,pistol_strong,medium
madden26_practice_pistol_strong.mp4,2655,88.5,pistol_strong,medium
madden26_practice_pistol_strong.mp4,2790,93.0,pistol_strong,medium
madden26_practice_pistol_strong.mp4,2805,93.5,pistol_strong,medium
madden26_practice_pistol_strong.mp4,2820,94.0,pistol_strong,medium
madden26_practice_pistol_strong.mp4,2850,95.0,pistol_strong,high
madden26_practice_pistol_strong.mp4,2865,95.5,pistol_strong,high
madden26_practice_pistol_strong.mp4,3435,114.5,pistol_strong,medium
madden26_practice_pistol_strong.mp4,3450,115.0,pistol_strong,high
madden26_practice_pistol_strong.mp4,3465,115.5,pistol_strong,high
madden26_practice_pistol_strong.mp4,3480,116.0,pistol_strong,medium
madden26_practice_pistol_strong.mp4,3660,122.0,pistol_strong,medium
madden26_practice_pistol_strong.mp4,3690,123.0,pistol_strong,high
madden26_practice_pistol_strong.mp4,3705,123.5,pistol_strong,high
madden26_practice_pistol_strong.mp4,4200,140.0,pistol_strong,high
madden26_practice_pistol_strong.mp4,4215,140.5,pistol_strong,high
madden26_practice_pistol_strong.mp4,4230,141.0,pistol_strong,medium
madden26_practice_pistol_strong.mp4,4365,145.5,pistol_strong,medium
madden26_practice_pistol_strong.mp4,4440,148.0,pistol_strong,medium
madden26_practice_pistol_strong.mp4,4455,148.5,pistol_strong,medium
madden26_practice_pistol_strong.mp4,4470,149.0,pistol_strong,medium
madden26_practice_pistol_strong.mp4,4950,165.0,pistol_strong,high
madden26_practice_pistol_strong.mp4,4965,165.5,pistol_strong,medium
madden26_practice_pistol_strong.mp4,5190,173.0,pistol_strong,high
madden26_practice_pistol_strong.mp4,5205,173.5,pistol_strong,high
madden26_practice_pistol_strong.mp4,5220,174.0,pistol_strong,high
madden26_practice_pistol_strong.mp4,5670,189.0,pistol_strong,medium
madden26_practice_pistol_strong.mp4,5685,189.5,pistol_strong,high
madden26_practice_pistol_strong.mp4,5700,190.0,pistol_strong,medium
madden26_practice_pistol_strong.mp4,5715,190.5,pistol_strong,medium
madden26_practice_pistol_strong.mp4,5760,192.0,pistol_strong,medium
madden26_practice_pistol_strong.mp4,5775,192.5,pistol_strong,medium
madden26_practice_pistol_strong.mp4,5970,199.0,pistol_strong,high
madden26_practice_pistol_strong.mp4,6420,214.0,pistol_strong,medium
madden26_practice_pistol_strong.mp4,6465,215.5,pistol_strong,high
madden26_practice_pistol_strong.mp4,6480,216.0,pistol_strong,medium
madden26_practice_pistol_strong.mp4,6510,217.0,pistol_strong,medium
madden26_practice_pistol_strong.mp4,6705,223.5,pistol_strong,high
madden26_practice_pistol_strong.mp4,6720,224.0,pistol_strong,high
madden26_practice_pistol_strong.mp4,6765,225.5,pistol_strong,high
madden26_practice_pistol_strong.mp4,6780,226.0,pistol_strong,high
madden26_practice_pistol_strong.mp4,6795,226.5,pistol_strong,high
madden26_practice_pistol_strong.mp4,6810,227.0,pistol_strong,high
madden26_practice_pistol_strong.mp4,6825,227.5,pistol_strong,medium
madden26_practice_pistol_strong.mp4,6855,228.5,pistol_strong,medium
madden26_practice_pistol_strong.mp4,6870,229.0,pistol_strong,high
madden26_practice_pistol_strong.mp4,6885,229.5,pistol_strong,high
madden26_practice_pistol_strong.mp4,6900,230.0,pistol_strong,high
madden26_practice_pistol_strong.mp4,6915,230.5,pistol_strong,high
madden26_practice_pistol_strong.mp4,6930,231.0,pistol_strong,high
madden26_practice_pistol_strong.mp4,6945,231.5,pistol_strong,high
madden26_practice_pistol_strong.mp4,6960,232.0,pistol_strong,high
madden26_practice_pistol_strong.mp4,6975,232.5,pistol_strong,high
madden26_practice_pistol_strong.mp4,6990,233.0,pistol_strong,medium
madden26_practice_shotgun_bunch.mp4,540,18.0,shotgun_bunch,high
madden26_practice_shotgun_bunch.mp4,555,18.5,shotgun_bunch,high
madden26_practice_shotgun_bunch.mp4,585,19.5,shotgun_bunch,high
madden26_practice_shotgun_bunch.mp4,600,20.0,shotgun_bunch,high
madden26_practice_shotgun_bunch.mp4,615,20.5,shotgun_bunch,high
madden26_practice_shotgun_bunch.mp4,630,21.0,shotgun_bunch,high
madden26_practice_shotgun_bunch.mp4,645,21.5,shotgun_bunch,high
madden26_practice_shotgun_bunch.mp4,720,24.0,shotgun_bunch,medium
madden26_practice_shotgun_bunch.mp4,735,24.5,shotgun_bunch,medium
madden26_practice_shotgun_bunch.mp4,1395,46.5,shotgun_bunch,high
madden26_practice_shotgun_bunch.mp4,1410,47.0,shotgun_bunch,high
madden26_practice_shotgun_bunch.mp4,1425,47.5,shotgun_bunch,medium
madden26_practice_shotgun_bunch.mp4,2115,70.5,shotgun_bunch,medium
madden26_practice_shotgun_bunch.mp4,2130,71.0,shotgun_bunch,high
madden26_practice_shotgun_bunch.mp4,2145,71.5,shotgun_bunch,high
madden26_practice_shotgun_bunch.mp4,2235,74.5,shotgun_bunch,medium
madden26_practice_shotgun_bunch.mp4,2325,77.5,shotgun_bunch,medium
madden26_practice_shotgun_bunch.mp4,2865,95.5,shotgun_bunch,medium
madden26_practice_shotgun_bunch.mp4,2910,97.0,shotgun_bunch,medium
madden26_practice_shotgun_bunch.mp4,2925,97.5,shotgun_bunch,high
madden26_practice_shotgun_bunch.mp4,2955,98.5,shotgun_bunch,medium
madden26_practice_shotgun_bunch.mp4,3135,104.5,shotgun_bunch,high
madden26_practice_shotgun_bunch.mp4,3315,110.5,shotgun_bunch,medium
madden26_practice_shotgun_bunch.mp4,3330,111.0,shotgun_bunch,medium
madden26_practice_shotgun_bunch.mp4,3990,133.0,shotgun_bunch,high
madden26_practice_shotgun_bunch.mp4,4050,135.0,shotgun_bunch,medium
madden26_practice_shotgun_bunch.mp4,4065,135.5,shotgun_bunch,medium
madden26_practice_shotgun_bunch.mp4,4080,136.0,shotgun_bunch,medium
madden26_practice_shotgun_bunch.mp4,4275,142.5,shotgun_bunch,high
madden26_practice_shotgun_bunch.mp4,4335,144.5,shotgun_bunch,medium
madden26_practice_shotgun_bunch.mp4,4350,145.0,shotgun_bunch,medium
madden26_practice_shotgun_bunch.mp4,4365,145.5,shotgun_bunch,medium
madden26_practice_shotgun_bunch.mp4,4380,146.0,shotgun_bunch,medium
madden26_practice_shotgun_bunch.mp4,4935,164.5,shotgun_bunch,medium
madden26_practice_shotgun_bunch.mp4,4950,165.0,shotgun_bunch,medium
madden26_practice_shotgun_bunch.mp4,5010,167.0,shotgun_bunch,medium
madden26_practice_shotgun_bunch.mp4,5145,171.5,shotgun_bunch,medium
madden26_practice_shotgun_bunch.mp4,6135,204.5,shotgun_bunch,medium
madden26_practice_shotgun_bunch.mp4,6195,206.5,shotgun_bunch,medium
madden26_practice_shotgun_bunch.mp4,6810,227.0,shotgun_bunch,medium
madden26_practice_shotgun_bunch.mp4,6825,227.5,shotgun_bunch,high
madden26_practice_shotgun_bunch.mp4,6885,229.5,shotgun_bunch,medium
madden26_practice_shotgun_bunch.mp4,7560,252.0,shotgun_bunch,medium
madden26_practice_shotgun_bunch.mp4,7620,254.0,shotgun_bunch,high
madden26_practice_shotgun_bunch.mp4,7635,254.5,shotgun_bunch,high
madden26_practice_shotgun_bunch.mp4,7650,255.0,shotgun_bunch,high
madden26_practice_shotgun_bunch.mp4,7665,255.5,shotgun_bunch,high
madden26_practice_shotgun_bunch.mp4,7740,258.0,shotgun_bunch,medium
madden26_practice_shotgun_bunch.mp4,7755,258.5,shotgun_bunch,medium
madden26_practice_shotgun_bunch.mp4,8505,283.5,shotgun_bunch,medium
madden26_practice_shotgun_bunch.mp4,8550,285.0,shotgun_bunch,high
madden26_practice_shotgun_bunch.mp4,8610,287.0,shotgun_bunch,medium
madden26_practice_shotgun_bunch.mp4,8715,290.5,shotgun_bunch,medium
madden26_practice_shotgun_bunch.mp4,8730,291.0,shotgun_bunch,medium
madden26_practice_shotgun_bunch.mp4,8745,291.5,shotgun_bunch,medium
madden26_practice_shotgun_bunch.mp4,8775,292.5,shotgun_bunch,medium
madden26_practice_shotgun_bunch.mp4,9435,314.5,shotgun_bunch,medium
madden26_practice_shotgun_bunch.mp4,9495,316.5,shotgun_bunch,medium
madden26_practice_shotgun_bunch.mp4,9720,324.0,shotgun_bunch,high
madden26_practice_shotgun_bunch.mp4,9735,324.5,shotgun_bunch,high
madden26_practice_shotgun_bunch.mp4,10350,345.0,shotgun_bunch,medium
madden26_practice_shotgun_bunch.mp4,10395,346.5,shotgun_bunch,medium
madden26_practice_shotgun_doubles.mp4,375,12.5,shotgun_doubles,medium
madden26_practice_shotgun_doubles.mp4,975,32.5,shotgun_doubles,high
madden26_practice_shotgun_doubles.mp4,1005,33.5,shotgun_doubles,medium
madden26_practice_shotgun_doubles.mp4,1020,34.0,shotgun_doubles,medium
madden26_practice_shotgun_doubles.mp4,1695,56.5,shotgun_doubles,high
madden26_practice_shotgun_doubles.mp4,1710,57.0,shotgun_doubles,high
madden26_practice_shotgun_doubles.mp4,1770,59.0,shotgun_doubles,medium
madden26_practice_shotgun_doubles.mp4,1785,59.5,shotgun_doubles,medium
madden26_practice_shotgun_doubles.mp4,2505,83.5,shotgun_doubles,high
madden26_practice_shotgun_doubles.mp4,2535,84.5,shotgun_doubles,medium
madden26_practice_shotgun_doubles.mp4,2565,85.5,shotgun_doubles,medium
madden26_practice_shotgun_doubles.mp4,2580,86.0,shotgun_doubles,medium
madden26_practice_shotgun_doubles.mp4,2760,92.0,shotgun_doubles,medium
madden26_practice_shotgun_doubles.mp4,3345,111.5,shotgun_doubles,high
madden26_practice_shotgun_doubles.mp4,3360,112.0,shotgun_doubles,high
madden26_practice_shotgun_doubles.mp4,3375,112.5,shotgun_doubles,medium
madden26_practice_shotgun_doubles.mp4,3510,117.0,shotgun_doubles,medium
madden26_practice_shotgun_doubles.mp4,4020,134.0,shotgun_doubles,medium
madden26_practice_shotgun_doubles.mp4,4080,136.0,shotgun_doubles,medium
madden26_practice_shotgun_doubles.mp4,4095,136.5,shotgun_doubles,medium
madden26_practice_shotgun_doubles.mp4,4110,137.0,shotgun_doubles,medium
madden26_practice_shotgun_doubles.mp4,4245,141.5,shotgun_doubles,medium
madden26_practice_shotgun_doubles.mp4,4260,142.0,shotgun_doubles,medium
madden26_practice_shotgun_doubles.mp4,4290,143.0,shotgun_doubles,high
madden26_practice_shotgun_doubles.mp4,4305,143.5,shotgun_doubles,high
madden26_practice_shotgun_doubles.mp4,4320,144.0,shotgun_doubles,high
madden26_practice_shotgun_doubles.mp4,4335,144.5,shotgun_doubles,high
madden26_practice_shotgun_doubles.mp4,4830,161.0,shotgun_doubles,medium
madden26_practice_shotgun_doubles.mp4,4875,162.5,shotgun_doubles,high
madden26_practice_shotgun_doubles.mp4,4905,163.5,shotgun_doubles,high
madden26_practice_shotgun_doubles.mp4,4935,164.5,shotgun_doubles,medium
madden26_practice_shotgun_doubles.mp4,4965,165.5,shotgun_doubles,medium
madden26_practice_shotgun_doubles.mp4,5790,193.0,shotgun_doubles,medium
madden26_practice_shotgun_doubles.mp4,5835,194.5,shotgun_doubles,high
madden26_practice_shotgun_doubles.mp4,5850,195.0,shotgun_doubles,high
madden26_practice_shotgun_doubles.mp4,5865,195.5,shotgun_doubles,medium
madden26_practice_shotgun_doubles.mp4,5895,196.5,shotgun_doubles,medium
madden26_practice_shotgun_doubles.mp4,6570,219.0,shotgun_doubles,medium
madden26_practice_shotgun_doubles.mp4,6585,219.5,shotgun_doubles,medium
madden26_practice_shotgun_doubles.mp4,6615,220.5,shotgun_doubles,medium
madden26_practice_shotgun_doubles.mp4,6705,223.5,shotgun_doubles,medium
madden26_practice_shotgun_doubles.mp4,6720,224.0,shotgun_doubles,medium
madden26_practice_shotgun_doubles.mp4,6870,229.0,shotgun_doubles,medium
madden26_practice_shotgun_doubles.mp4,6900,230.0,shotgun_doubles,high
madden26_practice_shotgun_doubles.mp4,6960,232.0,shotgun_doubles,medium
madden26_practice_shotgun_empty.mp4,570,19.0,shotgun_empty,medium
madden26_practice_shotgun_empty.mp4,1485,49.5,shotgun_empty,high
madden26_practice_shotgun_empty.mp4,1500,50.0,shotgun_empty,high
madden26_practice_shotgun_empty.mp4,1605,53.5,shotgun_empty,medium
madden26_practice_shotgun_empty.mp4,1635,54.5,shotgun_empty,medium
madden26_practice_shotgun_empty.mp4,1995,66.5,shotgun_empty,medium
madden26_practice_shotgun_empty.mp4,2550,85.0,shotgun_empty,medium
madden26_practice_shotgun_empty.mp4,2565,85.5,shotgun_empty,high
madden26_practice_shotgun_empty.mp4,2580,86.0,shotgun_empty,high
madden26_practice_shotgun_empty.mp4,2640,88.0,shotgun_empty,medium
madden26_practice_shotgun_empty.mp4,2820,94.0,shotgun_empty,medium
madden26_practice_shotgun_empty.mp4,2850,95.0,shotgun_empty,high
madden26_practice_shotgun_empty.mp4,2865,95.5,shotgun_empty,high
madden26_practice_shotgun_empty.mp4,2925,97.5,shotgun_empty,medium
madden26_practice_shotgun_empty.mp4,2940,98.0,shotgun_empty,medium
madden26_practice_shotgun_empty.mp4,3000,100.0,shotgun_empty,medium
madden26_practice_shotgun_empty.mp4,3240,108.0,shotgun_empty,medium
madden26_practice_shotgun_empty.mp4,3720,124.0,shotgun_empty,high
madden26_practice_shotgun_empty.mp4,3795,126.5,shotgun_empty,medium
madden26_practice_shotgun_empty.mp4,4005,133.5,shotgun_empty,high
madden26_practice_shotgun_empty.mp4,4020,134.0,shotgun_empty,medium
madden26_practice_shotgun_empty.mp4,4380,146.0,shotgun_empty,medium
madden26_practice_shotgun_empty.mp4,4740,158.0,shotgun_empty,medium
madden26_practice_shotgun_empty.mp4,4785,159.5,shotgun_empty,high
madden26_practice_shotgun_empty.mp4,4800,160.0,shotgun_empty,medium
madden26_practice_shotgun_empty.mp4,4860,162.0,shotgun_empty,medium
madden26_practice_shotgun_empty.mp4,4905,163.5,shotgun_empty,medium
madden26_practice_shotgun_empty.mp4,5280,176.0,shotgun_empty,medium
madden26_practice_shotgun_empty.mp4,5370,179.0,shotgun_empty,medium
madden26_practice_shotgun_empty.mp4,5640,188.0,shotgun_empty,high
madden26_practice_shotgun_empty.mp4,5655,188.5,shotgun_empty,high
madden26_practice_shotgun_empty.mp4,5685,189.5,shotgun_empty,high
madden26_practice_shotgun_empty.mp4,5715,190.5,shotgun_empty,medium
madden26_practice_shotgun_empty.mp4,5775,192.5,shotgun_empty,medium
madden26_practice_shotgun_empty.mp4,5895,196.5,shotgun_empty,medium
madden26_practice_shotgun_empty.mp4,5925,197.5,shotgun_empty,high
madden26_practice_shotgun_empty.mp4,5940,198.0,shotgun_empty,high
madden26_practice_shotgun_empty.mp4,5955,198.5,shotgun_empty,medium
madden26_practice_shotgun_empty.mp4,6015,200.5,shotgun_empty,medium
madden26_practice_shotgun_empty.mp4,6315,210.5,shotgun_empty,medium
madden26_practice_shotgun_empty.mp4,6975,232.5,shotgun_empty,high
madden26_practice_shotgun_empty.mp4,7050,235.0,shotgun_empty,medium
madden26_practice_shotgun_empty.mp4,7260,242.0,shotgun_empty,high
madden26_practice_shotgun_empty.mp4,7275,242.5,shotgun_empty,high
madden26_practice_shotgun_empty.mp4,7290,243.0,shotgun_empty,high
madden26_practice_shotgun_empty.mp4,7305,243.5,shotgun_empty,high
madden26_practice_shotgun_empty.mp4,7320,244.0,shotgun_empty,high
madden26_practice_shotgun_empty.mp4,7335,244.5,shotgun_empty,medium
madden26_practice_shotgun_empty.mp4,7395,246.5,shotgun_empty,medium
madden26_practice_shotgun_empty.mp4,8325,277.5,shotgun_empty,medium
madden26_practice_shotgun_empty.mp4,8340,278.0,shotgun_empty,medium
madden26_practice_shotgun_empty.mp4,8400,280.0,shotgun_empty,medium
madden26_practice_shotgun_empty.mp4,8595,286.5,shotgun_empty,high
madden26_practice_shotgun_empty.mp4,8610,287.0,shotgun_empty,high
madden26_practice_shotgun_empty.mp4,8685,289.5,shotgun_empty,medium
madden26_practice_shotgun_empty.mp4,8745,291.5,shotgun_empty,medium
madden26_practice_shotgun_empty.mp4,8760,292.0,shotgun_empty,medium
madden26_practice_shotgun_empty.mp4,9345,311.5,shotgun_empty,medium
madden26_practice_shotgun_empty.mp4,9390,313.0,shotgun_empty,high
madden26_practice_shotgun_empty.mp4,9405,313.5,shotgun_empty,high
madden26_practice_shotgun_empty.mp4,9465,315.5,shotgun_empty,medium
madden26_practice_shotgun_empty.mp4,9630,321.0,shotgun_empty,high
madden26_practice_shotgun_empty.mp4,9645,321.5,shotgun_empty,medium
madden26_practice_shotgun_empty.mp4,9855,328.5,shotgun_empty,medium
madden26_practice_shotgun_empty.mp4,9885,329.5,shotgun_empty,high
madden26_practice_shotgun_empty.mp4,10545,351.5,shotgun_empty,medium
madden26_practice_shotgun_empty.mp4,10560,352.0,shotgun_empty,high
madden26_practice_shotgun_empty.mp4,10590,353.0,shotgun_empty,medium
madden26_practice_shotgun_empty.mp4,10965,365.5,shotgun_empty,medium
madden26_practice_shotgun_trips.mp4,1035,34.5,shotgun_trips,high
madden26_practice_shotgun_trips.mp4,1050,35.0,shotgun_trips,high
madden26_practice_shotgun_trips.mp4,1065,35.5,shotgun_trips,high
madden26_practice_shotgun_trips.mp4,1080,36.0,shotgun_trips,high
madden26_practice_shotgun_trips.mp4,1095,36.5,shotgun_trips,high
madden26_practice_shotgun_trips.mp4,1110,37.0,shotgun_trips,high
madden26_practice_shotgun_trips.mp4,1125,37.5,shotgun_trips,high
madden26_practice_shotgun_trips.mp4,1335,44.5,shotgun_trips,medium
madden26_practice_shotgun_trips.mp4,1365,45.5,shotgun_trips,high
madden26_practice_shotgun_trips.mp4,1380,46.0,shotgun_trips,high
madden26_practice_shotgun_trips.mp4,1395,46.5,shotgun_trips,medium
madden26_practice_shotgun_trips.mp4,1950,65.0,shotgun_trips,medium
madden26_practice_shotgun_trips.mp4,1965,65.5,shotgun_trips,high
madden26_practice_shotgun_trips.mp4,1980,66.0,shotgun_trips,medium
madden26_practice_shotgun_trips.mp4,1995,66.5,shotgun_trips,high
madden26_practice_shotgun_trips.mp4,2010,67.0,shotgun_trips,high
madden26_practice_shotgun_trips.mp4,2025,67.5,shotgun_trips,medium
madden26_practice_shotgun_trips.mp4,2040,68.0,shotgun_trips,high
madden26_practice_shotgun_trips.mp4,2055,68.5,shotgun_trips,high
madden26_practice_shotgun_trips.mp4,2085,69.5,shotgun_trips,high
madden26_practice_shotgun_trips.mp4,2100,70.0,shotgun_trips,high
madden26_practice_shotgun_trips.mp4,2115,70.5,shotgun_trips,high
madden26_practice_shotgun_trips.mp4,2865,95.5,shotgun_trips,high
madden26_practice_shotgun_trips.mp4,2880,96.0,shotgun_trips,high
madden26_practice_shotgun_trips.mp4,3735,124.5,shotgun_trips,medium
madden26_practice_shotgun_trips.mp4,3750,125.0,shotgun_trips,medium
madden26_practice_shotgun_trips.mp4,4485,149.5,shotgun_trips,medium
madden26_practice_shotgun_trips.mp4,4530,151.0,shotgun_trips,high
madden26_practice_shotgun_trips.mp4,4545,151.5,shotgun_trips,high
madden26_practice_shotgun_trips.mp4,4605,153.5,shotgun_trips,medium
madden26_practice_shotgun_trips.mp4,4620,154.0,shotgun_trips,medium
madden26_practice_shotgun_trips.mp4,4635,154.5,shotgun_trips,medium
madden26_practice_shotgun_trips.mp4,5415,180.5,shotgun_trips,medium
madden26_practice_shotgun_trips.mp4,5430,181.0,shotgun_trips,high
madden26_practice_shotgun_trips.mp4,5445,181.5,shotgun_trips,high
madden26_practice_shotgun_trips.mp4,5460,182.0,shotgun_trips,high
madden26_practice_shotgun_trips.mp4,6210,207.0,shotgun_trips,medium
madden26_practice_shotgun_trips.mp4,6255,208.5,shotgun_trips,high
madden26_practice_shotgun_trips.mp4,6270,209.0,shotgun_trips,medium
madden26_practice_shotgun_trips.mp4,6960,232.0,shotgun_trips,medium
madden26_practice_shotgun_trips.mp4,7005,233.5,shotgun_trips,high
madden26_practice_shotgun_trips.mp4,7020,234.0,shotgun_trips,high
madden26_practice_shotgun_trips.mp4,7035,234.5,shotgun_trips,medium
madden26_practice_singleback_ace.mp4,375,12.5,singleback_ace,high
madden26_practice_singleback_ace.mp4,390,13.0,singleback_ace,high
madden26_practice_singleback_ace.mp4,405,13.5,singleback_ace,medium
madden26_practice_singleback_ace.mp4,630,21.0,singleback_ace,high
madden26_practice_singleback_ace.mp4,645,21.5,singleback_ace,high
madden26_practice_singleback_ace.mp4,660,22.0,singleback_ace,high
madden26_practice_singleback_ace.mp4,705,23.5,singleback_ace,high
madden26_practice_singleback_ace.mp4,720,24.0,singleback_ace,high
madden26_practice_singleback_ace.mp4,735,24.5,singleback_ace,high
madden26_practice_singleback_ace.mp4,750,25.0,singleback_ace,medium
madden26_practice_singleback_ace.mp4,765,25.5,singleback_ace,medium
madden26_practice_singleback_ace.mp4,1110,37.0,singleback_ace,high
madden26_practice_singleback_ace.mp4,1125,37.5,singleback_ace,high
madden26_practice_singleback_ace.mp4,1140,38.0,singleback_ace,medium
madden26_practice_singleback_ace.mp4,1155,38.5,singleback_ace,medium
madden26_practice_singleback_ace.mp4,1170,39.0,singleback_ace,high
madden26_practice_singleback_ace.mp4,1185,39.5,singleback_ace,medium
madden26_practice_singleback_ace.mp4,1200,40.0,singleback_ace,high
madden26_practice_singleback_ace.mp4,1215,40.5,singleback_ace,high
madden26_practice_singleback_ace.mp4,1230,41.0,singleback_ace,high
madden26_practice_singleback_ace.mp4,1245,41.5,singleback_ace,high
madden26_practice_singleback_ace.mp4,1260,42.0,singleback_ace,high
madden26_practice_singleback_ace.mp4,1275,42.5,singleback_ace,medium
madden26_practice_singleback_ace.mp4,1320,44.0,singleback_ace,medium
madden26_practice_singleback_ace.mp4,1335,44.5,singleback_ace,medium
madden26_practice_singleback_ace.mp4,1350,45.0,singleback_ace,medium
madden26_practice_singleback_ace.mp4,1425,47.5,singleback_ace,medium
madden26_practice_singleback_ace.mp4,1545,51.5,singleback_ace,medium
madden26_practice_singleback_ace.mp4,1575,52.5,singleback_ace,medium
madden26_practice_singleback_ace.mp4,1605,53.5,singleback_ace,high
madden26_practice_singleback_ace.mp4,1620,54.0,singleback_ace,high
madden26_practice_singleback_ace.mp4,1635,54.5,singleback_ace,high
madden26_practice_singleback_ace.mp4,1650,55.0,singleback_ace,high
madden26_practice_singleback_ace.mp4,1665,55.5,singleback_ace,medium
madden26_practice_singleback_ace.mp4,1680,56.0,singleback_ace,high
madden26_practice_singleback_ace.mp4,1710,57.0,singleback_ace,medium
madden26_practice_singleback_ace.mp4,1740,58.0,singleback_ace,medium
madden26_practice_singleback_ace.mp4,1755,58.5,singleback_ace,medium
madden26_practice_singleback_ace.mp4,1770,59.0,singleback_ace,medium
madden26_practice_singleback_ace.mp4,1920,64.0,singleback_ace,medium
madden26_practice_singleback_ace.mp4,1965,65.5,singleback_ace,medium
madden26_practice_singleback_ace.mp4,1980,66.0,singleback_ace,high
madden26_practice_singleback_ace.mp4,1995,66.5,singleback_ace,high
madden26_practice_singleback_ace.mp4,2010,67.0,singleback_ace,high
madden26_practice_singleback_ace.mp4,2025,67.5,singleback_ace,medium
madden26_practice_singleback_ace.mp4,2040,68.0,singleback_ace,medium
madden26_practice_singleback_ace.mp4,2055,68.5,singleback_ace,medium
madden26_practice_singleback_ace.mp4,2070,69.0,singleback_ace,high
madden26_practice_singleback_ace.mp4,2085,69.5,singleback_ace,high
madden26_practice_singleback_ace.mp4,2100,70.0,singleback_ace,medium
madden26_practice_singleback_ace.mp4,2325,77.5,singleback_ace,medium
madden26_practice_singleback_ace.mp4,2430,81.0,singleback_ace,medium
madden26_practice_singleback_ace.mp4,2460,82.0,singleback_ace,high
madden26_practice_singleback_ace.mp4,2475,82.5,singleback_ace,high
madden26_practice_singleback_ace.mp4,2490,83.0,singleback_ace,high
madden26_practice_singleback_ace.mp4,2520,84.0,singleback_ace,high
madden26_practice_singleback_ace.mp4,2535,84.5,singleback_ace,high
madden26_practice_singleback_ace.mp4,2550,85.0,singleback_ace,high
madden26_practice_singleback_ace.mp4,2565,85.5,singleback_ace,high
madden26_practice_singleback_ace.mp4,2580,86.0,singleback_ace,high
madden26_practice_singleback_ace.mp4,2595,86.5,singleback_ace,high
madden26_practice_singleback_ace.mp4,2610,87.0,singleback_ace,medium
madden26_practice_singleback_ace.mp4,2625,87.5,singleback_ace,high
madden26_practice_singleback_ace.mp4,2655,88.5,singleback_ace,medium
madden26_practice_singleback_ace.mp4,2670,89.0,singleback_ace,medium
madden26_practice_singleback_ace.mp4,2715,90.5,singleback_ace,medium
madden26_practice_singleback_ace.mp4,2730,91.0,singleback_ace,medium
madden26_practice_singleback_ace.mp4,2745,91.5,singleback_ace,medium
madden26_practice_singleback_ace.mp4,2760,92.0,singleback_ace,medium
madden26_practice_singleback_ace.mp4,2850,95.0,singleback_ace,high
madden26_practice_singleback_ace.mp4,2865,95.5,singleback_ace,medium
madden26_practice_singleback_ace.mp4,2880,96.0,singleback_ace,medium
madden26_practice_singleback_ace.mp4,2925,97.5,singleback_ace,medium
madden26_practice_singleback_ace.mp4,2940,98.0,singleback_ace,medium
madden26_practice_singleback_ace.mp4,2955,98.5,singleback_ace,medium
madden26_practice_singleback_ace.mp4,2970,99.0,singleback_ace,medium
madden26_practice_singleback_ace.mp4,3120,104.0,singleback_ace,medium
madden26_practice_singleback_ace.mp4,3135,104.5,singleback_ace,high
madden26_practice_singleback_ace.mp4,3150,105.0,singleback_ace,high
madden26_practice_singleback_ace.mp4,3165,105.5,singleback_ace,high
madden26_practice_singleback_ace.mp4,3180,106.0,singleback_ace,high
madden26_practice_singleback_ace.mp4,3195,106.5,singleback_ace,high
madden26_practice_singleback_ace.mp4,3210,107.0,singleback_ace,medium
madden26_practice_singleback_ace.mp4,3225,107.5,singleback_ace,medium
madden26_practice_singleback_ace.mp4,3960,132.0,singleback_ace,medium
madden26_practice_singleback_ace.mp4,3990,133.0,singleback_ace,medium
madden26_practice_singleback_ace.mp4,4005,133.5,singleback_ace,medium
madden26_practice_singleback_ace.mp4,4020,134.0,singleback_ace,medium
madden26_practice_singleback_ace.mp4,4110,137.0,singleback_ace,medium
madden26_practice_singleback_ace.mp4,4125,137.5,singleback_ace,medium
madden26_practice_singleback_ace.mp4,4245,141.5,singleback_ace,high
madden26_practice_singleback_ace.mp4,4275,142.5,singleback_ace,high
madden26_practice_singleback_ace.mp4,4290,143.0,singleback_ace,high
madden26_practice_singleback_ace.mp4,4305,143.5,singleback_ace,high
madden26_practice_singleback_ace.mp4,4320,144.0,singleback_ace,high
madden26_practice_singleback_ace.mp4,4335,144.5,singleback_ace,medium
madden26_practice_singleback_ace.mp4,4350,145.0,singleback_ace,high
madden26_practice_singleback_ace.mp4,4365,145.5,singleback_ace,high
madden26_practice_singleback_ace.mp4,4380,146.0,singleback_ace,high
madden26_practice_singleback_ace.mp4,4395,146.5,singleback_ace,high
madden26_practice_singleback_ace.mp4,4410,147.0,singleback_ace,high
madden26_practice_singleback_ace.mp4,4425,147.5,singleback_ace,medium
madden26_practice_singleback_ace.mp4,4440,148.0,singleback_ace,medium
madden26_practice_singleback_ace.mp4,4770,159.0,singleback_ace,medium
madden26_practice_singleback_ace.mp4,5070,169.0,singleback_ace,medium
madden26_practice_singleback_ace.mp4,5100,170.0,singleback_ace,medium
madden26_practice_singleback_ace.mp4,5115,170.5,singleback_ace,high
madden26_practice_singleback_ace.mp4,5130,171.0,singleback_ace,medium
madden26_practice_singleback_ace.mp4,5145,171.5,singleback_ace,medium
madden26_practice_singleback_ace.mp4,5325,177.5,singleback_ace,medium
madden26_practice_singleback_ace.mp4,5355,178.5,singleback_ace,high
madden26_practice_singleback_ace.mp4,5385,179.5,singleback_ace,high
madden26_practice_singleback_ace.mp4,5400,180.0,singleback_ace,high
madden26_practice_singleback_ace.mp4,5415,180.5,singleback_ace,high
madden26_practice_singleback_ace.mp4,5445,181.5,singleback_ace,high
madden26_practice_singleback_ace.mp4,5460,182.0,singleback_ace,high
madden26_practice_singleback_ace.mp4,5475,182.5,singleback_ace,high
madden26_practice_singleback_ace.mp4,5505,183.5,singleback_ace,medium
madden26_practice_singleback_ace.mp4,5520,184.0,singleback_ace,medium
madden26_practice_singleback_ace.mp4,5535,184.5,singleback_ace,medium
madden26_practice_singleback_ace.mp4,5565,185.5,singleback_ace,high
madden26_practice_singleback_ace.mp4,5580,186.0,singleback_ace,medium
madden26_practice_singleback_ace.mp4,5595,186.5,singleback_ace,high
madden26_practice_singleback_ace.mp4,5835,194.5,singleback_ace,medium
madden26_practice_singleback_ace.mp4,5865,195.5,singleback_ace,high
madden26_practice_singleback_ace.mp4,5895,196.5,singleback_ace,medium
madden26_practice_singleback_ace.mp4,5910,197.0,singleback_ace,high
madden26_practice_singleback_ace.mp4,5925,197.5,singleback_ace,high
madden26_practice_singleback_ace.mp4,5940,198.0,singleback_ace,high
madden26_practice_singleback_ace.mp4,5955,198.5,singleback_ace,high
madden26_practice_singleback_ace.mp4,5970,199.0,singleback_ace,medium
madden26_practice_singleback_ace.mp4,5985,199.5,singleback_ace,medium
madden26_practice_singleback_ace.mp4,6000,200.0,singleback_ace,high
madden26_practice_singleback_ace.mp4,6015,200.5,singleback_ace,high
madden26_practice_singleback_ace.mp4,6030,201.0,singleback_ace,high
madden26_practice_singleback_ace.mp4,6045,201.5,singleback_ace,medium
madden26_practice_singleback_ace.mp4,6060,202.0,singleback_ace,high
madden26_practice_singleback_ace.mp4,6105,203.5,singleback_ace,medium
madden26_practice_singleback_ace.mp4,6120,204.0,singleback_ace,medium
madden26_practice_singleback_ace.mp4,6135,204.5,singleback_ace,medium
madden26_practice_singleback_ace.mp4,6195,206.5,singleback_ace,medium
madden26_practice_singleback_ace.mp4,6225,207.5,singleback_ace,medium
madden26_practice_singleback_ace.mp4,6240,208.0,singleback_ace,medium
madden26_practice_singleback_ace.mp4,6255,208.5,singleback_ace,medium
madden26_practice_singleback_ace.mp4,6270,209.0,singleback_ace,medium
madden26_practice_singleback_ace.mp4,6285,209.5,singleback_ace,medium
madden26_practice_singleback_ace.mp4,6300,210.0,singleback_ace,medium
madden26_practice_singleback_ace.mp4,6345,211.5,singleback_ace,medium
madden26_practice_singleback_ace.mp4,6360,212.0,singleback_ace,medium
madden26_practice_singleback_ace.mp4,6405,213.5,singleback_ace,medium
madden26_practice_singleback_ace.mp4,6420,214.0,singleback_ace,high
madden26_practice_singleback_ace.mp4,6435,214.5,singleback_ace,high
madden26_practice_singleback_ace.mp4,6450,215.0,singleback_ace,high
madden26_practice_singleback_ace.mp4,6465,215.5,singleback_ace,medium
madden26_practice_singleback_ace.mp4,6480,216.0,singleback_ace,medium
madden26_practice_singleback_ace.mp4,6615,220.5,singleback_ace,medium
madden26_practice_singleback_ace.mp4,6630,221.0,singleback_ace,medium
madden26_practice_singleback_ace.mp4,6825,227.5,singleback_ace,high
madden26_practice_singleback_ace.mp4,6840,228.0,singleback_ace,high
madden26_practice_singleback_ace.mp4,6855,228.5,singleback_ace,high
madden26_practice_singleback_ace.mp4,6870,229.0,singleback_ace,medium
madden26_practice_singleback_ace.mp4,6885,229.5,singleback_ace,medium
madden26_practice_singleback_ace.mp4,6915,230.5,singleback_ace,medium
madden26_practice_singleback_wing.mp4,495,16.5,singleback_wing,high
madden26_practice_singleback_wing.mp4,510,17.0,singleback_wing,high
madden26_practice_singleback_wing.mp4,540,18.0,singleback_wing,high
madden26_practice_singleback_wing.mp4,555,18.5,singleback_wing,high
madden26_practice_singleback_wing.mp4,570,19.0,singleback_wing,medium
madden26_practice_singleback_wing.mp4,585,19.5,singleback_wing,medium
madden26_practice_singleback_wing.mp4,600,20.0,singleback_wing,medium
madden26_practice_singleback_wing.mp4,630,21.0,singleback_wing,medium
madden26_practice_singleback_wing.mp4,675,22.5,singleback_wing,medium
madden26_practice_singleback_wing.mp4,720,24.0,singleback_wing,high
madden26_practice_singleback_wing.mp4,765,25.5,singleback_wing,high
madden26_practice_singleback_wing.mp4,810,27.0,singleback_wing,high
madden26_practice_singleback_wing.mp4,855,28.5,singleback_wing,medium
madden26_practice_singleback_wing.mp4,900,30.0,singleback_wing,medium
madden26_practice_singleback_wing.mp4,945,31.5,singleback_wing,high
madden26_practice_singleback_wing.mp4,990,33.0,singleback_wing,medium
madden26_practice_singleback_wing.mp4,1035,34.5,singleback_wing,medium
madden26_practice_singleback_wing.mp4,1080,36.0,singleback_wing,high
madden26_practice_singleback_wing.mp4,1125,37.5,singleback_wing,high
madden26_practice_singleback_wing.mp4,1200,40.0,singleback_wing,high
madden26_practice_singleback_wing.mp4,1215,40.5,singleback_wing,medium
madden26_practice_singleback_wing.mp4,1245,41.5,singleback_wing,medium
madden26_practice_singleback_wing.mp4,1260,42.0,singleback_wing,high
madden26_practice_singleback_wing.mp4,1275,42.5,singleback_wing,high
madden26_practice_singleback_wing.mp4,1290,43.0,singleback_wing,high
madden26_practice_singleback_wing.mp4,1305,43.5,singleback_wing,medium
madden26_practice_singleback_wing.mp4,1335,44.5,singleback_wing,medium
madden26_practice_singleback_wing.mp4,1350,45.0,singleback_wing,medium
madden26_practice_singleback_wing.mp4,1365,45.5,singleback_wing,medium
madden26_practice_singleback_wing.mp4,1440,48.0,singleback_wing,medium
madden26_practice_singleback_wing.mp4,1485,49.5,singleback_wing,medium
madden26_practice_singleback_wing.mp4,1650,55.0,singleback_wing,high
madden26_practice_singleback_wing.mp4,1665,55.5,singleback_wing,high
madden26_practice_singleback_wing.mp4,1680,56.0,singleback_wing,high
madden26_practice_singleback_wing.mp4,1695,56.5,singleback_wing,high
madden26_practice_singleback_wing.mp4,1710,57.0,singleback_wing,high
madden26_practice_singleback_wing.mp4,1725,57.5,singleback_wing,high
madden26_practice_singleback_wing.mp4,1740,58.0,singleback_wing,high
madden26_practice_singleback_wing.mp4,1755,58.5,singleback_wing,high
madden26_practice_singleback_wing.mp4,1770,59.0,singleback_wing,high
madden26_practice_singleback_wing.mp4,1785,59.5,singleback_wing,high
madden26_practice_singleback_wing.mp4,1800,60.0,singleback_wing,high
madden26_practice_singleback_wing.mp4,1815,60.5,singleback_wing,high
madden26_practice_singleback_wing.mp4,1860,62.0,singleback_wing,high
madden26_practice_singleback_wing.mp4,1905,63.5,singleback_wing,high
madden26_practice_singleback_wing.mp4,1920,64.0,singleback_wing,high
madden26_practice_singleback_wing.mp4,1935,64.5,singleback_wing,medium
madden26_practice_singleback_wing.mp4,1950,65.0,singleback_wing,high
madden26_practice_singleback_wing.mp4,1965,65.5,singleback_wing,high
madden26_practice_singleback_wing.mp4,1980,66.0,singleback_wing,high
madden26_practice_singleback_wing.mp4,1995,66.5,singleback_wing,high
madden26_practice_singleback_wing.mp4,2010,67.0,singleback_wing,high
madden26_practice_singleback_wing.mp4,2040,68.0,singleback_wing,medium
madden26_practice_singleback_wing.mp4,2055,68.5,singleback_wing,medium
madden26_practice_singleback_wing.mp4,2070,69.0,singleback_wing,high
madden26_practice_singleback_wing.mp4,2085,69.5,singleback_wing,medium
madden26_practice_singleback_wing.mp4,2100,70.0,singleback_wing,high
madden26_practice_singleback_wing.mp4,2310,77.0,singleback_wing,medium
madden26_practice_singleback_wing.mp4,2355,78.5,singleback_wing,high
madden26_practice_singleback_wing.mp4,2370,79.0,singleback_wing,high
madden26_practice_singleback_wing.mp4,2385,79.5,singleback_wing,medium
madden26_practice_singleback_wing.mp4,2400,80.0,singleback_wing,high
madden26_practice_singleback_wing.mp4,2460,82.0,singleback_wing,medium
madden26_practice_singleback_wing.mp4,2655,88.5,singleback_wing,high
madden26_practice_singleback_wing.mp4,2685,89.5,singleback_wing,medium
madden26_practice_singleback_wing.mp4,2700,90.0,singleback_wing,medium
madden26_practice_singleback_wing.mp4,2715,90.5,singleback_wing,medium
madden26_practice_singleback_wing.mp4,2730,91.0,singleback_wing,high
madden26_practice_singleback_wing.mp4,2745,91.5,singleback_wing,medium
madden26_practice_singleback_wing.mp4,2760,92.0,singleback_wing,medium
madden26_practice_singleback_wing.mp4,2775,92.5,singleback_wing,medium
madden26_practice_singleback_wing.mp4,2790,93.0,singleback_wing,medium
madden26_practice_singleback_wing.mp4,2805,93.5,singleback_wing,high
madden26_practice_singleback_wing.mp4,2880,96.0,singleback_wing,medium
madden26_practice_singleback_wing.mp4,2895,96.5,singleback_wing,medium
madden26_practice_singleback_wing.mp4,3105,103.5,singleback_wing,medium
madden26_practice_singleback_wing.mp4,3120,104.0,singleback_wing,high
madden26_practice_singleback_wing.mp4,3135,104.5,singleback_wing,high
madden26_practice_singleback_wing.mp4,3150,105.0,singleback_wing,medium
madden26_practice_singleback_wing.mp4,3165,105.5,singleback_wing,medium
madden26_practice_singleback_wing.mp4,3180,106.0,singleback_wing,medium
madden26_practice_singleback_wing.mp4,3195,106.5,singleback_wing,high
madden26_practice_singleback_wing.mp4,3210,107.0,singleback_wing,high
madden26_practice_singleback_wing.mp4,3225,107.5,singleback_wing,medium
madden26_practice_singleback_wing.mp4,3240,108.0,singleback_wing,medium
madden26_practice_singleback_wing.mp4,3255,108.5,singleback_wing,medium
madden26_practice_singleback_wing.mp4,3960,132.0,singleback_wing,medium
madden26_practice_singleback_wing.mp4,4200,140.0,singleback_wing,medium
madden26_practice_singleback_wing.mp4,4215,140.5,singleback_wing,medium
madden26_practice_singleback_wing.mp4,4230,141.0,singleback_wing,high
madden26_practice_singleback_wing.mp4,4245,141.5,singleback_wing,medium
madden26_practice_singleback_wing.mp4,4260,142.0,singleback_wing,high
madden26_practice_singleback_wing.mp4,4545,151.5,singleback_wing,high
madden26_practice_singleback_wing.mp4,4560,152.0,singleback_wing,medium
madden26_practice_singleback_wing.mp4,4575,152.5,singleback_wing,high
madden26_practice_singleback_wing.mp4,4590,153.0,singleback_wing,high
madden26_practice_singleback_wing.mp4,4605,153.5,singleback_wing,high
madden26_practice_singleback_wing.mp4,4620,154.0,singleback_wing,medium
madden26_practice_singleback_wing.mp4,4635,154.5,singleback_wing,high
madden26_practice_singleback_wing.mp4,4860,162.0,singleback_wing,medium
madden26_practice_singleback_wing.mp4,4890,163.0,singleback_wing,high
madden26_practice_singleback_wing.mp4,4905,163.5,singleback_wing,high
madden26_practice_singleback_wing.mp4,4920,164.0,singleback_wing,high
madden26_practice_singleback_wing.mp4,4950,165.0,singleback_wing,high
madden26_practice_singleback_wing.mp4,4965,165.5,singleback_wing,high
madden26_practice_singleback_wing.mp4,4980,166.0,singleback_wing,medium
madden26_practice_singleback_wing.mp4,5010,167.0,singleback_wing,high
madden26_practice_singleback_wing.mp4,5025,167.5,singleback_wing,high
madden26_practice_singleback_wing.mp4,5040,168.0,singleback_wing,medium
madden26_practice_singleback_wing.mp4,5055,168.5,singleback_wing,high
madden26_practice_singleback_wing.mp4,5070,169.0,singleback_wing,medium
madden26_practice_singleback_wing.mp4,5130,171.0,singleback_wing,medium
madden26_practice_singleback_wing.mp4,5145,171.5,singleback_wing,medium
madden26_practice_singleback_wing.mp4,5325,177.5,singleback_wing,medium
madden26_practice_singleback_wing.mp4,5370,179.0,singleback_wing,high
madden26_practice_singleback_wing.mp4,5385,179.5,singleback_wing,high
madden26_practice_singleback_wing.mp4,5400,180.0,singleback_wing,high
madden26_practice_singleback_wing.mp4,5415,180.5,singleback_wing,high
madden26_practice_singleback_wing.mp4,5430,181.0,singleback_wing,medium
madden26_practice_singleback_wing.mp4,5445,181.5,singleback_wing,high
madden26_practice_singleback_wing.mp4,5610,187.0,singleback_wing,medium
madden26_practice_singleback_wing.mp4,5715,190.5,singleback_wing,medium
madden26_practice_singleback_wing.mp4,5730,191.0,singleback_wing,medium
madden26_practice_singleback_wing.mp4,5760,192.0,singleback_wing,high
madden26_practice_singleback_wing.mp4,5775,192.5,singleback_wing,high
madden26_practice_singleback_wing.mp4,5790,193.0,singleback_wing,high
madden26_practice_singleback_wing.mp4,5805,193.5,singleback_wing,high
madden26_practice_singleback_wing.mp4,5835,194.5,singleback_wing,medium
madden26_practice_singleback_wing.mp4,5850,195.0,singleback_wing,high
madden26_practice_singleback_wing.mp4,5865,195.5,singleback_wing,high
madden26_practice_singleback_wing.mp4,6300,210.0,singleback_wing,medium
madden26_practice_singleback_wing.mp4,6345,211.5,singleback_wing,medium
madden26_practice_singleback_wing.mp4,6570,219.0,singleback_wing,high
madden26_practice_singleback_wing.mp4,6600,220.0,singleback_wing,high
madden26_practice_singleback_wing.mp4,6615,220.5,singleback_wing,medium
madden26_practice_singleback_wing.mp4,6630,221.0,singleback_wing,high
madden26_practice_singleback_wing.mp4,6645,221.5,singleback_wing,high
madden26_practice_singleback_wing.mp4,6660,222.0,singleback_wing,high
madden26_practice_singleback_wing.mp4,6675,222.5,singleback_wing,medium
madden26_practice_singleback_wing.mp4,6705,223.5,singleback_wing,medium
madden26_practice_singleback_wing.mp4,6735,224.5,singleback_wing,medium
madden26_practice_singleback_wing.mp4,6750,225.0,singleback_wing,medium
madden26_practice_singleback_wing.mp4,6975,232.5,singleback_wing,high
madden26_practice_singleback_wing.mp4,6990,233.0,singleback_wing,high
madden26_practice_singleback_wing.mp4,7005,233.5,singleback_wing,medium
madden26_practice_singleback_wing.mp4,7020,234.0,singleback_wing,high
madden26_practice_singleback_wing.mp4,7035,234.5,singleback_wing,medium
madden26_practice_singleback_wing.mp4,7065,235.5,singleback_wing,medium
madden26_practice_singleback_wing.mp4,7095,236.5,singleback_wing,medium
madden26_practice_singleback_wing.mp4,7200,240.0,singleback_wing,medium
madden26_practice_singleback_wing.mp4,7320,244.0,singleback_wing,medium
madden26_practice_singleback_wing.mp4,7350,245.0,singleback_wing,medium
madden26_practice_singleback_wing.mp4,7365,245.5,singleback_wing,high
madden26_practice_singleback_wing.mp4,7380,246.0,singleback_wing,medium
madden26_practice_singleback_wing.mp4,7395,246.5,singleback_wing,medium
madden26_practice_singleback_wing.mp4,7410,247.0,singleback_wing,high
madden26_practice_singleback_wing.mp4,7425,247.5,singleback_wing,high
madden26_practice_singleback_wing.mp4,7440,248.0,singleback_wing,medium
madden26_practice_singleback_wing.mp4,7455,248.5,singleback_wing,medium
madden26_practice_singleback_wing.mp4,7500,250.0,singleback_wing,medium
madden26_practice_singleback_wing.mp4,7530,251.0,singleback_wing,medium
madden26_practice_singleback_wing.mp4,7545,251.5,singleback_wing,medium
madden26_practice_singleback_wing.mp4,7560,252.0,singleback_wing,medium
madden26_practice_singleback_wing.mp4,7740,258.0,singleback_wing,medium
madden26_practice_singleback_wing.mp4,8355,278.5,singleback_wing,medium
madden26_practice_singleback_wing.mp4,8370,279.0,singleback_wing,high
madden26_practice_singleback_wing.mp4,8385,279.5,singleback_wing,medium
madden26_practice_singleback_wing.mp4,8400,280.0,singleback_wing,medium
madden26_practice_singleback_wing.mp4,8655,288.5,singleback_wing,high
madden26_practice_singleback_wing.mp4,8670,289.0,singleback_wing,high
madden26_practice_singleback_wing.mp4,8685,289.5,singleback_wing,high
madden26_practice_singleback_wing.mp4,9195,306.5,singleback_wing,medium
madden26_practice_singleback_wing.mp4,9240,308.0,singleback_wing,high
madden26_practice_singleback_wing.mp4,9255,308.5,singleback_wing,high
madden26_practice_singleback_wing.mp4,9270,309.0,singleback_wing,medium
madden26_practice_singleback_wing.mp4,9285,309.5,singleback_wing,medium
madden26_practice_singleback_wing.mp4,9480,316.0,singleback_wing,high
madden26_practice_singleback_wing.mp4,9495,316.5,singleback_wing,high
madden26_practice_singleback_wing.mp4,9525,317.5,singleback_wing,medium
madden26_practice_singleback_wing.mp4,9540,318.0,singleback_wing,high
madden26_practice_singleback_wing.mp4,9555,318.5,singleback_wing,high
madden26_practice_singleback_wing.mp4,9570,319.0,singleback_wing,high
madden26_tb_vs_la_q4.mp4,990,33.0,singleback_ace,high
madden26_tb_vs_la_q4.mp4,1035,34.5,singleback_ace,high
madden26_tb_vs_la_q4.mp4,1095,36.5,singleback_ace,high
madden26_tb_vs_la_q4.mp4,1800,60.0,shotgun_trips,high
madden26_tb_vs_la_q4.mp4,1920,64.0,shotgun_trips,high
madden26_tb_vs_la_q4.mp4,2055,68.5,shotgun_trips,high
madden26_tb_vs_la_q4.mp4,2850,95.0,shotgun_empty,high
madden26_tb_vs_la_q4.mp4,2955,98.5,shotgun_empty,high
madden26_tb_vs_la_q4.mp4,3060,102.0,shotgun_empty,high
madden26_tb_vs_la_q4.mp4,4065,135.5,shotgun_doubles,high
madden26_tb_vs_la_q4.mp4,4125,137.5,shotgun_doubles,high
madden26_tb_vs_la_q4.mp4,4185,139.5,shotgun_doubles,high
madden26_tb_vs_la_q4.mp4,4860,162.0,shotgun_bunch,high
madden26_tb_vs_la_q4.mp4,4920,164.0,shotgun_bunch,high
madden26_tb_vs_la_q4.mp4,4995,166.5,shotgun_bunch,high
madden26_tb_vs_la_q4.mp4,5730,191.0,skip,skip
madden26_tb_vs_la_q4.mp4,5790,193.0,skip,skip
madden26_tb_vs_la_q4.mp4,5850,195.0,skip,skip
madden26_tb_vs_la_q4.mp4,6600,220.0,singleback_wing,high
madden26_tb_vs_la_q4.mp4,6645,221.5,singleback_wing,high
madden26_tb_vs_la_q4.mp4,6690,223.0,singleback_wing,high
madden26_tb_vs_la_q4.mp4,7965,265.5,skip,skip
madden26_tb_vs_la_q4.mp4,7995,266.5,skip,skip
madden26_tb_vs_la_q4.mp4,8025,267.5,skip,skip
madden26_tb_vs_la_q4.mp4,9435,314.5,skip,skip
madden26_tb_vs_la_q4.mp4,9495,316.5,singleback_wing,high
madden26_tb_vs_la_q4.mp4,9555,318.5,singleback_wing,high
madden26_tb_vs_la_q4.mp4,10065,335.5,skip,skip
madden26_tb_vs_la_q4.mp4,10080,336.0,skip,skip
madden26_tb_vs_la_q4.mp4,10470,349.0,skip,skip
madden26_tb_vs_la_q4.mp4,10545,351.5,skip,skip
madden26_tb_vs_la_q4.mp4,10635,354.5,skip,skip
madden26_tb_vs_la_q4.mp4,11325,377.5,skip,skip
madden26_tb_vs_la_q4.mp4,11385,379.5,skip,skip
madden26_tb_vs_la_q4.mp4,11445,381.5,skip,skip
madden26_tb_vs_la_q4.mp4,11955,398.5,skip,skip
madden26_tb_vs_la_q4.mp4,11970,399.0,skip,skip
madden26_tb_vs_la_q4.mp4,11985,399.5,skip,skip
madden26_tb_vs_la_q4.mp4,12120,404.0,skip,skip
madden26_tb_vs_la_q4.mp4,12375,412.5,shotgun_trips,high
madden26_tb_vs_la_q4.mp4,12420,414.0,shotgun_trips,high
madden26_tb_vs_la_q4.mp4,12480,416.0,shotgun_trips,high
madden26_tb_vs_la_q4.mp4,14445,481.5,skip,skip
madden26_tb_vs_la_q4.mp4,14490,483.0,skip,skip
madden26_tb_vs_la_q4.mp4,14535,484.5,skip,skip
madden26_tb_vs_la_q4.mp4,15135,504.5,pistol_strong,high
madden26_tb_vs_la_q4.mp4,15195,506.5,pistol_strong,high
madden26_tb_vs_la_q4.mp4,15255,508.5,pistol_strong,high
madden26_tb_vs_la_q4.mp4,15945,531.5,skip,skip
madden26_tb_vs_la_q4.mp4,16005,533.5,skip,skip
madden26_tb_vs_la_q4.mp4,16065,535.5,skip,skip
madden26_wash_vs_pits_q4.mp4,690,23.0,shotgun_bunch,high
madden26_wash_vs_pits_q4.mp4,720,24.0,shotgun_bunch,high
madden26_wash_vs_pits_q4.mp4,765,25.5,shotgun_bunch,high
madden26_wash_vs_pits_q4.mp4,1530,51.0,i_form_pro,high
madden26_wash_vs_pits_q4.mp4,1575,52.5,i_form_pro,high
madden26_wash_vs_pits_q4.mp4,1620,54.0,i_form_pro,high
madden26_wash_vs_pits_q4.mp4,2295,76.5,skip,skip
madden26_wash_vs_pits_q4.mp4,2340,78.0,singleback_wing,high
madden26_wash_vs_pits_q4.mp4,2385,79.5,singleback_wing,high
madden26_wash_vs_pits_q4.mp4,3045,101.5,shotgun_trips,high
madden26_wash_vs_pits_q4.mp4,3090,103.0,shotgun_trips,high
madden26_wash_vs_pits_q4.mp4,3150,105.0,shotgun_trips,high
madden26_wash_vs_pits_q4.mp4,4095,136.5,i_form_pro,high
madden26_wash_vs_pits_q4.mp4,4170,139.0,i_form_pro,high
madden26_wash_vs_pits_q4.mp4,4245,141.5,i_form_pro,high
madden26_wash_vs_pits_q4.mp4,5190,173.0,singleback_wing,high
madden26_wash_vs_pits_q4.mp4,5235,174.5,singleback_wing,high
madden26_wash_vs_pits_q4.mp4,5280,176.0,singleback_wing,high
madden26_wash_vs_pits_q4.mp4,6210,207.0,skip,skip
madden26_wash_vs_pits_q4.mp4,6255,208.5,skip,skip
madden26_wash_vs_pits_q4.mp4,6315,210.5,skip,skip
madden26_wash_vs_pits_q4.mp4,7020,234.0,singleback_wing,high
madden26_wash_vs_pits_q4.mp4,7050,235.0,singleback_wing,high
madden26_wash_vs_pits_q4.mp4,7080,236.0,singleback_wing,high
madden26_wash_vs_pits_q4.mp4,7380,246.0,i_form_pro,high
madden26_wash_vs_pits_q4.mp4,7425,247.5,i_form_pro,high
madden26_wash_vs_pits_q4.mp4,7470,249.0,i_form_pro,high
madden26_wash_vs_pits_q4.mp4,8115,270.5,i_form_pro,high
madden26_wash_vs_pits_q4.mp4,8235,274.5,i_form_pro,high
madden26_wash_vs_pits_q4.mp4,8355,278.5,i_form_pro,high
madden26_wash_vs_pits_q4.mp4,9135,304.5,skip,skip
madden26_wash_vs_pits_q4.mp4,9210,307.0,skip,skip
madden26_wash_vs_pits_q4.mp4,9285,309.5,skip,skip
